,Ticker,Trailing_P/E,Price/Sales,Profit_Margin,Return_on_Assets,Market_Cap,Enterprise_Value/Revenue,Enterprise_Value/EBITDA,Revenue,Gross_Profit,EBITDA,Net_Income_Avl_to_Common_,Earnings_Growth,Total_Cash_Per_Share,Total_Cash,Total_Debt,Cash_Flow
0,AAPL,-38.27701358428203,5.159512836280328,42.14420613849779,37.198929837264586,677192102053.9219,4.916039309169889,-11.229734880856086,4.916039309169889,57999137069.078125,-11.229734880856086,47630851464.45996,17.064433687533892,47.50990476023253,50111666243.06543,-62956903.17798233,340073620345.2656
1,ABC,18.78015643398352,0.13196512408083239,0.5111425556761588,5.934259538495155,13120569499.964355,0.08440196672390954,8.261730980349881,0.08440196672390954,2275265766.129389,8.261730980349881,797105702.8567276,-30.437187804463974,6.048587602710178,2485977033.2484436,661185714.0952911,15154529104.809082
2,ABT,12.365525457062176,0.9994731514120758,9.945319592984106,4.834734423811938,118343653792.17969,1.2474920837776153,4.189305498908652,1.2474920837776153,31123103832.76123,4.189305498908652,6589385370.503662,86.17097985801229,8.753687378908126,13664751103.973633,27776189810.019043,103656896065.95508
3,ADBE,-4.08666382220963,-2.005349228526484,20.461249618965894,-11.486994408948703,15325141982.596191,-1.8180086849240524,-5.146218821781986,-1.8180086849240524,5724049205.739136,-5.146218821781986,1585475272.6983643,59.45137703589262,4.2289321775345385,3985743936.0410156,2778093928.0476685,21403375484.589844
4,ADI,-40.05350497053587,-4.318554446742837,41.78117184468738,18.31431526882602,-9035958023.317871,-3.994976207894979,-27.698101864632918,-3.994976207894979,2278030120.9832153,-27.698101864632918,873899957.9911652,-107.32121134466433,5.369827511123901,622364518.1646729,1686219090.580719,5985790549.942261
5,ADM,-5.279941774025701,0.3079494355153791,5.404752844556867,8.024333055375905,48276561190.865234,0.47239230531277876,6.165324580818833,0.47239230531277876,6322731657.953247,6.165324580818833,4137421884.9676514,86.19545855933757,2.5623799461751986,1648031165.1681442,18096631555.62744,38168850955.46094
6,ADSK,27.86468538910094,2.550974316201234,11.741072663052364,3.6715461764490556,7859146195.732513,1.744847156231856,-26.120440233200497,1.744847156231856,3041136349.7973022,-26.120440233200497,406740542.77835083,-131.21394006330956,8.564140314205133,2184518172.1978455,47753985.45126343,807796499.2967072
7,AEE,4.291860028106385,-0.8813631468132712,3.0644064018376866,4.048002633984046,14817779364.741821,0.4701861612637117,3.5065056592546853,0.4701861612637117,4565272781.505096,3.5065056592546853,664737777.1855106,31.113099550012066,1.4668193227564978,482418898.88477325,13572096297.976074,2975853730.6748657
8,AEP,2.3114636669747597,1.5962986225032694,17.395477814818605,5.287609901410235,57666045991.41113,3.09033520938155,7.263521426805113,3.09033520938155,8678431947.771515,7.263521426805113,2191049096.302429,-559.241152981529,-0.5383532602429568,-51826846.599609375,22484942374.67627,41744530339.72949
9,AFL,0.3876756332097102,0.5413485363163204,11.209041187231378,2.301971432002553,25556338879.264893,0.7569568766707846,1.619805319919351,0.7569568766707846,9857772502.832092,1.619805319919351,2751653832.657959,38.40746175715731,-1.060781143811937,-717727163.1583862,4659741656.772461,6401270937.562256
10,AIG,-7.476118503482667,-0.47560103157371714,47.152408480339545,0.5201772634982831,-41657831355.453125,-0.4256383305685745,-5.64718414005074,-0.4256383305685745,195533448387.19727,-5.64718414005074,25701509622.91992,197.67780010399656,130.95219012212328,113180809773.46484,88957817367.61133,25349390374.740723
11,AIV,-65.18191946659863,2.0540613478795606,17.32490149515229,7.441195274279266,5984052784.93042,5.809861852911837,14.90764356171826,5.809861852911837,968213276.7045441,-88361631.81493759,380999099.7188873,87.80797395330137,8.935064755648227,861670544.5341034,10598658338.059326,957552049.3724976
12,AIZ,4.362679421246867,0.13666622587787458,4.223464203609012,3.22113792054202,3586763366.132263,0.22989689251615175,-0.6210007859472171,0.22989689251615175,124153132.5961914,-0.6210007859472171,437523779.28559303,-2.539920000015627,32.760277373645295,3559411515.2474365,980223132.6441265,7807457482.050781
13,AKAM,-425.1090476632962,0.45414636028044697,10.13635844554301,-0.2833058757389608,8461029902.073364,-2.151284816917723,-64.42220689094393,-2.151284816917723,1271082424.5554504,-64.42220689094393,317628813.0249939,-26.127980890529216,5.9643980139208,1111084806.5917969,-234862691.8988037,2144414054.0742188
14,ALL,25.12606413091089,-0.07375424454150448,-3.851325752485536,-0.7511510962963257,2944214946.4521484,0.019934895510147044,17.081012618266413,0.019934895510147044,-11488197283.71582,17.081012618266413,-1419776457.3129883,370.11712138803705,9.166795582638997,4470165174.143127,6928816543.938965,18518054075.24243
15,ALXN,-368.4620090654935,-83.45727715345856,17.703341594660287,-2.4070629713469316,25044259374.654297,-60.01341871550176,-257.48358616553014,-60.01341871550176,1067889997.3629761,-257.48358616553014,282502378.87537384,36.423652668298246,-1.439881096393492,964544359.7477112,84272254.90565109,8607919173.277588
16,AMAT,-14.105099651516866,-1.7159456966140851,17.772011404167642,13.331565432251296,-1775044029.0283203,-1.1099856592940114,-25.803519560721725,-1.1099856592940114,6858114674.181763,-25.803519560721725,2001853235.4882355,62.55946571550794,0.6962981198125817,-688958800.3239746,2387196880.5097656,6428339744.946289
17,AMGN,-5.026905494438324,-2.445038040988493,27.855224079864,8.123472462459347,24621530296.68164,-2.3045717079337464,-5.270031948972246,-2.3045717079337464,19609955761.631348,-5.270031948972246,5938957923.564209,86.4744969840756,-615142800.0191345,27106140500.05127,26864797830.334473,45825858966.143555
18,AMP,13.505688067779829,0.12582628475519186,10.22616053935883,1.1481125078238534,13360847300.965668,0.9190377960498779,7.3079134388598845,0.9190377960498779,8224735688.596024,7.3079134388598845,1470655446.3781128,37.042859385429665,24.97622731390311,5625170402.252136,14981817702.507324,31381245897.078125
19,AMT,-389.27201172975765,16.023594247276833,-10.130315600454196,5.103042612261703,47818484900.950195,16.507749227019076,15.6054791021038,16.507749227019076,2564753336.0446777,15.6054791021038,280826572.2895813,-2035.330548221129,0.5392747189326981,344304082.2824364,7475801796.37207,20734271226.771484
20,AMZN,142.05882222330365,1.5406723502600812,-1.3726204001405904,-7.2176978288621285,146701377807.35938,1.246852739304714,45.88152912545411,1.246852739304714,14877527862.82129,45.88152912545411,1170391220.9952393,-328.59058014351467,23.196029167794677,10644475488.136475,-1320573584.6850586,70152323175.83594
21,AON,18.203873566181215,-0.33371342956570516,4.842146539502437,10.578629333677327,20977139128.753784,-0.5464138419898745,-3.500127915968278,-0.5464138419898745,8510000000.0,-3.500127915968278,1786109485.758484,-455.55564827943454,7.387625016110405,2281287504.833069,5372693968.294891,-275557272522.2344
22,APA,5.5348445267133,1.469584533039665,28.84347396497526,12.100578427368802,66373912380.79297,1.8401558278513335,2.5873421869524122,1.8401558278513335,17779643892.98169,2.5873421869524122,6814528283.860962,-0.5951269721772405,-898194625.9664307,1244652469.6003418,11830233024.110107,30942483988.13965
23,APC,79.43788206288446,2.8887222706494384,-12.356864841684,-1.7179419494639205,72250095181.22559,3.4391408568458885,7.659026397423304,3.4391408568458885,15292421660.105713,7.659026397423304,583468186.2819824,976.5452604883758,10.023313539817536,5252222289.807983,19891044125.143555,34676403565.134766
24,APD,9.878633890421042,2.2076254718299992,15.342473841871652,10.55548800249096,35823234449.62695,2.651981139509175,8.304084793030256,2.651981139509175,3810838148.0115967,8.304084793030256,1891662872.4629211,54.73549163097459,1.182541463213127,238481686.70487976,6307787513.185791,34429218485.68652
25,APH,2.118653852546231,1.6555414084151465,19.313379462251078,24.44595319386758,14496328408.596191,1.5574742255553247,3.1403494960607077,1.5574742255553247,2195647926.7931824,3.1403494960607077,959397637.8782806,56.43028133146527,2.6304903508163875,527722640.2107849,1420296318.6025085,1011906205.7244263
26,ATVI,79.83247250731802,5.791558606306182,19.60445283004219,3.0848126589079357,20796791636.69043,4.701885204147686,19.744104611643934,4.701885204147686,3975998271.564331,19.744104611643934,1143915487.962555,145.15914718368003,0.7604764232841035,5383452847.115601,-4.805014363651026,8025112531.536377
27,AVB,-19.228614858251603,12.594833367614115,74.27145700753499,3.711122804297162,18083684064.603027,10.338873947970455,21.34385021294719,10.338873947970455,1238312875.5186005,-129694567.21103668,382286254.48215485,117.11428362671359,28.29037936978966,3216983776.022949,5032683945.26947,823628348.2711792
28,AVY,-3.438447797515437,-0.2852615257780826,5.768504702231084,12.083882277690122,2555919972.3085938,0.22049934823502326,0.8285030292106512,0.22049934823502326,2229915527.8165436,0.8285030292106512,514747279.76130676,199.6926318509977,1.5027156856700685,143967762.26587677,4405209071.668823,8583867333.75415
29,AXP,3.4279596230385323,1.4562989556340966,20.153467116577986,4.299919831329419,119116318282.91016,3.405841946214373,-6.9003216380287995,3.405841946214373,11725980250.094482,-6.9003216380287995,5535081588.598145,31.74593640980447,34.60249673841554,40542138548.87012,93436001985.46387,135457065528.72656
30,AZO,18.102056933367294,1.7534229753712651,11.046261558962584,16.295668899712837,22751044203.91162,2.3147571200364894,9.976398518512894,2.3147571200364894,5101399985.552185,9.976398518512894,1104084639.1398926,-40.939999721795175,-842334599.9824524,186187435.73935318,4838922306.370361,23275207235.26367
31,BA,-18.616703500287258,0.7496160711651676,7.997287017794292,6.512034639391629,66811211427.725586,0.6354595471492033,0.4255574011590397,0.6354595471492033,18613874449.068115,-224165781.8250885,5915576396.071899,-2.309248633646348,20.105409947579574,14525724716.882324,9511298720.249207,31586995745.546875
32,BAC,703.9193725548539,-2.5467065791413006,-20.922434428468478,-1.135665988817948,156907332197.8699,-3.5067327165565985,2.4005010102998767,-7749387184.815918,255509484196.61328,2.4005010102998767,-3846398946.3432617,129.27643409872326,98.34958994906901,1076146618511.6562,1142975325647.6719,233227480912.46875
33,BAX,-1.176130090568222,2.217479647382575,23.915369254466896,17.253003739106816,43205532324.22949,2.0900629409334783,-4.003298951603483,2.0900629409334783,8638653516.835327,-4.003298951603483,3600135148.80542,-57.13230408608433,7.09520972209782,4001106216.857788,4278044357.889721,4150227809.2279053
34,BBT,13.190852128443737,-0.08965830019860732,6.480813498807493,0.19836784336879987,50556729693.43457,3.7200518376806713,5.3191786528195735,3.7200518376806713,16748112134.422363,5.3191786528195735,1152342167.6873932,57.1685868963059,10.137699988249437,7244463615.19458,41723826715.00244,58123887353.94629
35,BBY,-7.198389149782088,-0.34597376770292954,1.4600291311508045,5.356261366899389,-1043072949.2822266,-0.24432110786170824,5.059734444899732,-0.24432110786170824,18162422482.098633,5.059734444899732,1374397580.4158096,-613.2935231024167,2.779591626043498,972605048.0328064,4168733341.640259,8874565719.577393
36,BDX,6.761300316885809,1.898880664041684,20.751118054924973,11.574834205917469,23387027098.69629,2.029929909183025,8.973593703031739,2.029929909183025,5695005800.532715,8.973593703031739,1870120366.7522888,11.653058386048997,13.484427329713071,2798802381.4191895,4343377205.4313965,8212358180.703125
37,BIIB,-189.88965144450776,1.6325743589973172,5.319859342454038,14.436410453013195,44326598085.1958,1.4213653787141993,4.886645827265511,1.4213653787141993,7582991635.549194,4.886645827265511,1747602100.4057922,-454.17635407403577,9.49161459143943,2069964909.0071106,1502250258.1713562,22386518307.871094
38,BK,6.703331520111988,-5.109708143610305,-22.39004679687605,0.4607596487013552,118413792362.75586,-0.61673853623779,-33.35599921360699,-0.61673853623779,11500385431.649536,-33.35599921360699,3778632880.972046,-49.64742146585559,225.98516770471178,281605248487.8672,78644460227.07031,83149129917.13672
39,BLL,16.655643349604787,0.7734241769844772,5.251344533328964,7.879845603872354,13806247213.9375,1.186547678612877,20.780474907116513,1.186547678612877,1858547416.840454,20.780474907116513,606251090.3822556,1.2024079892007649,0.9862415186282085,198263991.65297508,4276057422.746765,7261227224.230469
40,BMY,13.388714567569878,2.8858366987293778,18.90323595554696,14.863873367690985,58751100887.71167,2.6096664317659304,27.408534209880145,2.6096664317659304,15920035245.395264,27.408534209880145,4123635137.491577,30.44408447549472,4.943405696102786,7709684441.434814,2308886879.213257,36245153515.82422
41,BSX,42.539859489793116,-9.327753739831678,-11.397281419872343,-13.977986453709036,-15475482072.699219,-7.795404536652768,4.6266210076107654,-7.795404536652768,11811384802.532227,4.6266210076107654,186510535.59561157,38.95574335211222,-0.05407547615038766,1467335949.2710419,14872796528.777588,13171198148.386719
42,BWA,49.583102421688636,1.0027565553957345,4.570751092527331,-6.2780901407159035,6986849271.197998,1.5725760355022658,3.459018266467183,1.5725760355022658,1492366309.5434723,3.459018266467183,375687879.11320496,396.13855318932474,0.2190583862735025,347753141.12615967,1117471214.08786,432162423.75591516
43,BXP,100.20153039999786,12.374592673809502,22.164308737440933,1.4007569062595167,33445786234.56201,16.846406299376895,4.116859466434789,16.846406299376895,1277004649.4929657,4.116859466434789,377750822.8920784,27.920289142799447,9.421981739665739,1357897691.2662354,10136548698.072021,17515327715.86377
44,C,4.436701728719527,-1.7416152313525117,44.69531703624102,-0.1542585860832162,-202959648332.28125,-9.8318328415221,7.177386034164005,-9.8318328415221,73791866866.23047,7.177386034164005,9450192173.904541,77.65235125006075,457.01686003399664,1660466574290.9375,973925773755.1016,134323770533.24023
45,CAG,16.90574692090604,0.8139843672843945,6.92386307058797,7.930810028269036,10727558587.064087,0.8555975700469958,8.192297082386972,0.8555975700469958,1777643964.0923157,8.192297082386972,449291868.15410995,78.34447611592987,2.6883192167742322,1024875631.8718796,92421766.80749512,7930981884.911133
46,CAH,14.363161475004063,-0.16988850081975215,-0.7083504397660931,1.8437591961985618,12554099324.91211,-0.14511667229943725,18.364961452569446,-0.14511667229943725,7589342000.688782,18.364961452569446,327291218.64645386,111.67814205260947,6.714789375069586,2222581705.240448,5473173134.919434,-1625173510.7542725
47,CAT,4.381965877229732,0.7281361057951585,10.23709214099631,7.6564035968035,130673417352.9414,1.076369683117278,2.6032571761579675,1.076369683117278,20785902510.250977,-271272351.6864319,7786944152.683838,34.230521032603065,6.948168434899571,4809332710.347168,48520077487.01465,46150355062.84766
48,CB,1.8760977566232668,1.690182814429761,28.071541948545928,6.230829755885566,29643174545.24536,1.730922244342441,-61.249857921986404,1.730922244342441,7467815132.546753,-61.249857921986404,4313573051.698242,-401.1717690431251,15.327842754614267,5110800502.658081,6488208369.14978,27985117711.28125
49,CBG,16.374851624243092,0.6315445233386185,3.8411402191557613,6.295281365918072,11590141699.617432,1.1433993789833607,21.952616943571,1.1433993789833607,3539740835.279907,21.952616943571,279925862.3161011,-43.360939341677295,2.380523419029913,1276821362.019287,5132128835.650024,6408108561.99231
50,CCI,76.92,10.086747756231944,-31.38736842362232,1.4701735728204426,40468847139.134766,15.04653500896211,3.401590005006824,15.04653500896211,2062028536.9884033,3.401590005006824,-22480103.37272644,18.0,-0.6842731631029437,-6931213.545883179,13105577833.295898,127299918.28422546
51,CCL,9.719284825657269,-0.9188718279003751,4.984649141398222,0.59963434987651,32653692359.183105,-0.31011756390512346,7.664168742282271,-0.31011756390512346,8325432851.264526,7.664168742282271,1802806757.2227287,16.24244650964738,1.0211403986514043,752512985.0498028,11618428294.198364,5827799029.5529785
52,CELG,19.221538709265587,11.918669314793988,52.662609437433275,24.2628636432637,68994840631.77344,11.697562667701959,10.243161377548859,11.697562667701959,5923150238.18689,10.243161377548859,2293866051.386841,-20.77445706819708,8.844860075009365,6019416569.146851,3340179275.282593,1383942075.5240479
53,CERN,42.9603696698814,8.067100796669365,20.433830243294324,13.812286334793043,16947602490.634766,7.574337981817052,1.5758470357443457,7.574337981817052,2331589981.7292786,1.5758470357443457,460930043.888031,47.97968741480781,5.56875555194398,1115981522.9293823,125427065.54544926,10290523149.299805
54,CF,-4.435792046643655,1.7400603112889286,22.27187500500895,31.513356422718516,17970465509.21924,1.8863026208028266,20.464793511298012,1.8863026208028266,2100932107.26651,20.464793511298012,1687176371.6628723,146.50118792521243,37.105547173167906,2291820302.375305,2863305165.489746,16643771101.73877
55,CHK,10.940059843719183,0.7225207528578039,16.124522740925954,1.9098681500541943,46316867577.47949,1.5681328642431254,11.35700066865138,1.5681328642431254,9333740982.517212,-403550496.82984924,2863603167.5359497,-144.56003710912773,0.8971394446723693,669479901.2636414,21043509338.168457,21749129011.436523
56,CHRW,14.741721290587975,1.260397801498442,5.999165411926754,26.856018300598862,16031709786.390625,1.21580485004964,8.824949170364619,1.21580485004964,2487784218.0496826,8.824949170364619,705947115.8110046,-9.310447216053944,1.2284573788509192,489239024.77614975,209090870.5374756,782099889.2299194
57,CI,8.683120063630923,0.624577505538598,6.797445196229329,4.662295727645244,17577979226.635498,0.7979891877214769,3.0849031151778945,0.7979891877214769,-1291454023.6635742,3.0849031151778945,1703140969.708435,-51.55189951395005,-6.691462584146848,1145402438.8135376,4884822544.953308,19438638552.82373
58,CINF,-10.338770615530393,-1.1306954204035833,20.39026998679583,6.302060233797192,829835920.8583984,-0.810595820721403,22.497548915297784,-0.810595820721403,5505243811.988831,22.497548915297784,1243552025.248642,421.84563796551083,5.112926063839268,833115196.2338715,2365518962.4448853,-514374917.20303345
59,CL,22.96890441516784,2.7465118457208177,12.041449002819895,20.260645241850966,66073402164.05859,2.835236751413145,11.242830789004302,2.835236751413145,12637236739.368042,11.242830789004302,2875270566.695038,8.002947909165869,3.3267857622527686,1588845226.4652405,5356723141.173553,3597146579.170227
60,CLX,17.442208634908127,1.0300940559807827,6.494119556841724,13.240077722254568,12460158697.398071,1.618383854165785,-0.5021471474010468,1.618383854165785,2753408341.010559,-0.5021471474010468,110537740.10420227,-40.46681725907365,2.102717228479662,207199178.01922274,3634242990.868103,11077370948.163574
61,CMA,36.70247703647965,1.040800558662454,-4.572181632661341,-0.6147964073702497,3721871094.682251,6.993133063101084,7.624685835877159,6.993133063101084,4086405991.7987366,7.624685835877159,-391734058.01745605,195.44145933399705,16.69665739232596,2938704498.5334167,15733160606.954102,10344095324.855713
62,CME,-6.679199198370043,1.957983078019197,51.01262499588711,0.7637493488125529,32443759920.368164,4.497289632023467,19.79413192499692,4.497289632023467,5370313603.040649,19.79413192499692,2286937353.2647705,38.53855107582967,-1.0939765832445119,837934164.2093515,5130026216.450928,25592555228.612793
63,CMG,31.931411760472656,6.2268647111119435,15.916528311414822,29.801102397661452,18366750989.405273,6.142450723833122,1.7125885626644504,6.142450723833122,1518870590.729065,1.7125885626644504,455468744.11231995,-76.57558236781551,28.09628327745213,874094997.6672821,4316147.980045259,9862635420.35498
64,CMI,13.77324634106941,1.6611491710400799,13.914060130020971,13.618460691954624,31249468706.942383,1.5686256906341782,10.784483071696258,1.5686256906341782,5241779609.846741,10.784483071696258,2832845012.9850464,146.2091261563328,-0.5579265374117313,2142614213.9558716,538112316.0059814,24107044262.073242
65,CMS,47.0156427015263,1.5949272660038787,6.791304778107872,4.331022992053363,21404124427.52246,2.8654521998904556,6.783205382518645,2.8654521998904556,2335363002.7500305,6.783205382518645,319520350.2206335,-62.96348575151933,-0.8853900539376127,96014632.32629395,7484004972.562599,1827521234.6917725
66,CNP,8.943694153469323,1.4536036794564495,9.201766552849335,7.9227843624829575,25832138626.328613,2.158015571667775,188.80921721837512,2.158015571667775,1666164153.6217957,188.80921721837512,800232849.2372589,-83.0697452229324,1.8606108357632962,852611881.1677475,6388547781.834473,28873318547.5459
67,COF,1.9622737501385927,-0.33793795175915875,17.14534040068611,0.26116796032795264,86723334062.56836,1.609046907693255,-11.439065479618876,1.609046907693255,27700829372.394043,-11.439065479618876,4747808577.089722,58.069792909710486,21.09583122352433,10406593366.55127,59304603075.02637,97542888282.22461
68,COG,98.39214398241893,11.732766466177054,13.08968978595476,0.10032832169440553,13579710734.881348,13.475883194045991,4.801645830071038,13.475883194045991,1096712863.084488,4.801645830071038,110718142.46846867,360.0922149149337,0.27225403994600583,67733533.11002064,1811538722.5183716,8863903285.51587
69,COL,-0.7997070157530288,0.7310731261787282,17.377103514673877,13.589835377112479,9190346103.5542,0.872394570905243,-2.0058954719693247,0.872394570905243,2152307449.3092346,-2.0058954719693247,1025025672.2719269,26.363575498000728,3.8479751038780137,561341696.3078461,1209144764.324768,880665630.2394409
70,COST,29.429747597948335,0.4586996568753712,1.5704573256988255,5.734128524076205,49629592760.18555,0.3985173652364913,9.24044234471262,0.3985173652364913,15352414005.076904,9.24044234471262,2086656380.1519775,21.826090871824363,-72973066.28209686,8909053029.75122,2128772951.5707092,14448592773.863037
71,CPB,10.364532609869684,1.2810937499602915,12.78035363902643,15.632375231112405,16362992290.537598,1.4954144493649437,-6.811318767190642,1.4954144493649437,3402909439.548645,-6.811318767190642,929597377.232502,8.053136349294505,2.006107177919972,637648135.4080048,2630748454.485962,24660709175.29492
72,CRM,1005.7617818438448,6.934758597078144,-3.0803764989982483,-1.8037756723177836,32343393484.895508,7.373873117381493,25.125924605762407,7.373873117381493,2841202073.996826,25.125924605762407,42063392.07359314,-1712.1858045927947,8.01713548462044,1133155752.037262,1074008016.2688904,17141880230.551758
73,CSCO,-7.7831761747856945,-2.5951506598703418,13.942658145106861,3.980576368301172,35940372263.44141,-3.3697214178941977,6.7476859117865615,-3.3697214178941977,40455720802.14551,6.7476859117865615,11554509776.695435,-11.728986468870062,13.81447460626373,74662581080.35742,27873499649.495605,33540705185.938477
74,CSX,-1.0259287094681895,3.61580964209935,29.25407342681774,14.353272733931817,52766922009.56445,3.8091458863888192,3.8422667831570934,3.8091458863888192,9505080012.130005,3.8422667831570934,3218066032.814575,-11.449361772514749,1.5174292207892677,2200897306.553131,9005050658.68811,33198046498.385742
75,CTAS,-10.870748084579645,-1.8085407297221536,7.7758500489688345,13.139912030176276,2081608981.8596191,-0.8002600601826089,9.691530953570435,-0.8002600601826089,2839780374.752289,9.691530953570435,605845704.6182404,-21.485333374170295,-2.828392416553015,-572348644.340332,2956928664.5334473,512194742.08720493
76,CTL,29.03204943764922,2.331868276463595,2.710968192379596,4.738789054558797,66287258199.078125,4.031869753457812,-52.72061821495299,4.031869753457812,10534443074.68872,-52.72061821495299,1015643951.9425354,1.5244617441549053,1.9453202303975274,1598736775.595581,29383765881.895996,31541206715.23535
77,CTSH,-9.201773953744123,-1.901436565169206,13.257104224740601,8.113833614670966,29243250293.93506,-2.146792951258476,13.961161346890009,-2.146792951258476,3756156508.395874,13.961161346890009,1520177904.1053467,-14.05207032153703,11.494334445160348,3860458382.6307373,-3.582742760748033,14637171822.05957
78,CTXS,50.32678253927861,6.759202633897161,12.224724156834668,2.075731736352509,19243810850.100098,6.334292905871592,25.161509433962237,6.334292905871592,2686290734.613159,25.161509433962237,499225418.8622818,65.76691839136583,7.466153995154741,1443466751.7723083,-66480891.78246689,16522760329.466309
79,CVS,13.34003116385918,0.4332121779677891,3.341266235595551,3.8857456683952023,102475471533.18164,0.5615310333423658,10.4617513029743,0.5615310333423658,32245776103.081055,10.4617513029743,5815241806.286865,-15.23986832646824,1.3130937922220234,2918914881.4292603,18591612739.194824,38025585153.4209
80,CVX,5.512070071987637,1.006129680199784,15.089842601021928,14.314458738068197,278530117232.2969,0.9141239780632517,4.838088499913965,0.9141239780632517,96052448766.4375,4.838088499913965,41975574675.31348,-216.5308277920849,13.94117045898588,28562609789.251953,7676793045.619019,181214363870.125
81,D,64.951211661245,2.3660735482060744,14.10790105400929,8.155291620516323,73770198147.88184,3.7870033233304525,193.9679845207902,3.7870033233304525,1602725660.6861572,193.9679845207902,2255327231.647705,346.94640742379124,-4049162668.1516113,195395429.56789303,21670144617.68274,46544647019.27539
82,DAL,34.3540168066138,0.3119120998638678,8.331239406948043,-6.590362868156262,25058003472.19336,0.06354106042702767,8.001968514341911,0.06354106042702767,19836359538.63037,8.001968514341911,3349315780.8708496,236.61417863138195,-7.260182557752614,5226346954.401428,9970888319.314758,20448725363.407715
83,DE,8.078511308616726,1.050879682512591,10.14820271820372,6.009233281864738,76102529672.17383,2.1687605022527805,0.916975409088991,2.1687605022527805,12728187414.692993,0.916975409088991,3622740362.889282,-117.77125076032462,-3.7866514623556213,1462328347.3887634,40247522468.0625,48515155030.106445
84,DFS,4.233709316451382,3.685707799753061,56.93847362024189,-4.80500561976487,57208729676.51367,8.714203935086516,11.192093953580184,8.714203935086516,17351474011.13037,11.192093953580184,3997864676.69458,91.98882782434157,10.349348242884105,6404287905.579163,36035547346.22168,16802063010.268555
85,DG,19.695274899503318,1.108568025843887,5.853259539747967,7.323553576311156,27140930041.424316,1.4364395279488633,-3.4041249147471717,1.4364395279488633,6453240524.032227,-3.4041249147471717,1148495790.5160217,59.38576121211554,0.42611878227649047,145629144.24271798,5097693928.953857,7582240299.691406
86,DGX,16.635910089973436,0.6418132640031047,5.044796587534279,6.706633968569804,16104440761.10608,1.4244301456712094,9.108873912112188,1.4244301456712094,4500845850.202515,9.108873912112188,650701389.8868656,-81.03776580695558,2.7768458981814206,524340865.60474396,6778337556.531372,8007705267.112061
87,DHI,49.997061277897046,-0.5771135860873073,61.25983869625452,-18.00487728868484,-5792335551.893311,-0.04816909400830127,-23.89630071556894,-0.04816909400830127,613263310.7512207,-23.89630071556894,3944460295.2749023,62.22695009591057,4.174087467390336,1721134321.3181763,5662117305.684174,5353028816.213989
88,DHR,4.20577120357575,1.168256651695259,15.376396498747908,3.0183019451670816,48580401563.978516,1.689306876780222,8.43716378498408,1.689306876780222,11287137659.247559,8.43716378498408,2878676876.5404053,-1.7572610079496371,-0.2459382542451749,762752237.7494888,8813648728.612793,24868624440.72705
89,DIS,2.941419862897419,2.0373243632934575,16.687819233648952,9.947488729973315,118500273364.48828,2.14348955841257,5.3268892975903555,2.14348955841257,-7251353459.519531,5.3268892975903555,7636935690.68811,-124.61312462772185,-1132604679.7392578,4869817889.039001,14878014655.413544,41815845539.71094
90,DLTR,22.730676797193155,1.8353451745617235,8.173502117500732,26.20315412209311,14857557296.715576,1.7214458524153429,-409.2226201512676,1.7214458524153429,3223746629.0203247,-409.2226201512676,723763115.0738983,27.10827486907374,3.1684097238216395,572188254.8843536,263320985.55284488,4505770965.279907
91,DOV,-9.55251096151187,0.8431898712932906,14.158939115779958,12.346275140332523,15621131507.355713,0.8766242199285159,-58.83026986463301,0.8766242199285159,5858126534.713501,-58.83026986463301,1643583072.6403809,-434.4034657018783,4.597214265851335,863117796.1329346,5022013576.375122,1849216967.5386658
92,DRI,18.959658001957976,1.143828399130264,6.855721136122497,11.768666530467101,12629385290.60205,1.3885418676007149,13.538938094322475,1.3885418676007149,2318547306.5256042,13.538938094322475,701984386.7260361,24.442375173101482,0.5476983354828633,57827830.458297014,2665947769.2113647,997329117.9533844
93,DUK,16.512850096502234,2.981748958796743,19.94944843494386,4.7838759536355155,63398782931.768555,4.658281309521101,8.070390900042696,4.658281309521101,3511512436.3880615,8.070390900042696,2432449316.687912,-116.0808804396438,-1997488864.7425537,-148715742.24713135,15303966838.857788,18808705422.956543
94,DVA,22.847743108375425,0.6306942066392764,2.1478303401353287,5.495335408120241,18408223206.65381,1.2679598065210769,7.716386171196973,1.2679598065210769,3362941566.5688477,7.716386171196973,601944084.1353607,21.783543198575217,-279399046.88253784,1327848936.6002808,7718208139.045776,13889978317.745361
95,DVN,2.2776222766265164,3.4424063921553625,109.57643844632548,17.64928090244962,45891789715.186035,3.235928328856078,5.716321713371656,3.235928328856078,12613552582.057617,5.716321713371656,6625559243.721191,-1045.8817945219344,19.084853035673405,8342675381.522705,8517515281.760452,19281254895.913574
96,EA,40.22559999999976,-0.03433520370816723,-4.617140766040393,4.343781410100064,548414247.3774414,-0.0028982678702504927,12.185811310253271,-0.0028982678702504927,4660785557.453003,12.185811310253271,-152502317.638443,84.82998367219989,5.318104415711161,911263722.8592224,662655769.6999283,1377081239.3266602
97,EBAY,-65.02956720722068,-20.502063054276732,15.956492041830415,3.538029484224353,-164663823.1875,-20.482553714258756,-154.84166457691026,-20.482553714258756,13054260318.177002,-154.84166457691026,3873366434.666748,38.16594294474817,3.897539002078986,7118404054.645142,4009248685.76062,16028044361.019043
98,ECL,30.240416073880624,1.8955874449478287,6.124880586487535,7.1325404917299124,26161088181.66162,2.5858652048262485,2.550876740361673,2.5858652048262485,4405204731.075256,2.550876740361673,615431995.6028671,11.805853371124613,1.4822080054622973,396286059.59537506,5731107387.045654,13570946538.03003
99,ED,13.794413978952491,1.6272096917827241,11.124318047103884,4.439032290752891,42443909852.256836,2.5469897556228034,16.725627944678763,2.5469897556228034,11391373477.80664,16.725627944678763,1496373316.8311768,-0.4070989905742408,4.1519349584302745,1247001246.5715332,14427870782.606201,10247711379.666748
100,EFX,19.224491111130874,1.6550629572629987,8.22469473130036,-0.25101418444683077,7757228822.4552,2.260700590812121,26.86051802085376,2.260700590812121,1552389573.2751923,26.86051802085376,259968992.52176,33.992417117711284,1.4618748224958438,180312386.22832108,1681011053.5746765,5068438648.350586
101,EIX,-53.74546975723024,1.9680924649669862,8.095638208515766,6.525370942574682,42827872214.615234,2.520701531536048,19.563230711238475,2.520701531536048,2660309913.8637695,19.563230711238475,1080632555.234047,110.75264706107009,-7763578955.211914,-97757129.92224121,7916200130.098511,5423522113.818909
102,EL,25.62339581450499,2.2812051579127512,8.32802385877261,14.309739834925153,26771256162.43701,2.358900105458744,7.982470747497274,2.358900105458744,8783373700.11731,7.982470747497274,962826640.2510986,-946.636990594212,6.497085114649622,1181617785.0435944,1759962407.862793,35436022701.60547
103,EMN,-20.87151413585798,0.206788055128726,12.133614935093874,19.495142885009955,3815859860.135895,-0.2841013041010285,6.024503114008667,-0.2841013041010285,2803345124.7506714,6.024503114008667,1006213614.4506836,-369.66800005298865,-777456918.1854858,1506417626.771881,-628988546.8195801,1216426771.0814972
104,EMR,9.504891646884516,1.3190725476967131,11.825351113797524,13.533272412402653,51294069856.69824,1.449319196361003,19.5872334313392,1.449319196361003,12393089065.32898,19.5872334313392,3290570351.07666,-67.43709376840707,2.1474379411175093,2544352901.195923,6817096381.191711,49488941836.04004
105,EOG,218.20993436644858,4.535550166522205,-15.245514551087581,-7.263927377507571,56669017121.572266,5.031778339923929,2.1870244413491946,5.031778339923929,8494187293.19812,2.1870244413491946,186863636.58685303,511.8153740908019,11.352756750615072,3133773848.4124146,9259608440.351074,60471654074.021484
106,EQR,-55.61084250721615,11.723200295885476,90.06801633603209,2.9655640681280886,42749068845.90137,16.53961281508964,6.4250038009263335,16.53961281508964,1300656135.600586,6.4250038009263335,-96617544.10954285,78.836576115149,0.384417184280915,118056747.82188416,11747321767.098999,20933017252.050293
107,EQT,51.07876644321095,6.601456002385589,-0.9500203261127353,-3.675666695042082,13777722864.274414,8.043987723673354,4.488021456136153,8.043987723673354,1092672331.6414795,4.488021456136153,159105858.66101074,1201.6154143479944,2.7497409257880463,465258680.84127045,2960712556.612549,1808833214.2736511
108,ETFC,42.09402079412848,-0.8198442051664188,-18.777390740087867,-0.6197303748639911,8848427163.074585,-0.12195165779439776,6.28333734479952,-0.12195165779439776,1995482565.1875458,-786844217.2960205,-311728806.9645691,2.660886120388568,20.24028395090545,5065385079.859253,-2690139665.526367,22239361743.811523
109,ETN,6.384359735750877,0.788437953252636,10.153991444685062,5.096830190465255,24532857265.237305,1.1442424575862928,16.390480954374596,1.1442424575862928,6259334533.4279785,16.390480954374596,1929715605.2728882,-54.85560769448966,1.8062953701640936,1197610695.4242096,5498522941.18689,16032645211.479492
110,ETR,11.168122850011969,0.8773968890953228,7.419635056581001,2.9283853393186945,33361443565.311523,2.154779755523741,241.94490868682624,2.154779755523741,3907760351.240631,241.94490868682624,998421357.2142963,-14.003095343085079,7.551945097081784,1278326857.762085,16368264075.692627,4199922080.0428467
111,EW,-79.73475629238237,9.287254266417676,24.616973498741118,16.767159204174277,15556680638.208984,8.696910637544875,-2.467235565405417,8.696910637544875,1599649988.4948425,-2.467235565405417,410846124.58626556,34.47704317234138,6.50213884112452,775604836.4306641,1028579.8791046143,9454281762.463379
112,EXC,1.1075444665275427,1.5740223830535172,20.41514148936949,9.293309915232612,58390640494.94141,1.9093645204577285,2.103614262184351,1.9093645204577285,8622505033.637024,-361053614.2915497,4153374366.0099487,28.558972660257496,1.9981105345919445,1730749612.4587097,12041557490.25116,34289189130.39258
113,EXPD,15.17211209775951,1.3762520849035127,7.0260251138913645,13.775384676246944,10860127130.85437,1.043960955464513,11.693674776998137,1.043960955464513,3044491192.923523,11.693674776998137,578102392.0665054,-14.395171380198008,8.214594153942471,2097897348.3843384,-504802.6198451817,10702714967.8479
114,EXPE,-10.489737156063711,-0.38997387359677305,45.642547659834236,10.697125275142298,4530539878.772888,-0.27295918622257886,-71.64530641510646,-0.27295918622257886,4096465485.2089233,-71.64530641510646,1665579085.778656,-220.3299305732653,13.710324255881915,3492222494.9785156,3767936214.8172607,12753787975.85498
115,F,-3.121943094033213,0.4398942650603317,17.37757596014444,4.6143972637635216,187598878625.95312,0.7870803652338694,9.371974900657136,0.7870803652338694,12277578636.180664,9.371974900657136,23806538316.879883,35.76430824237741,1.8973453384076038,25029002086.206177,47381799443.125,70267617054.28516
116,FAST,27.38961803925997,4.709062315902429,15.72039099974154,27.62843008601544,18737556339.23291,4.648412919240627,8.863137638447455,4.648412919240627,1990488065.3143616,8.863137638447455,580384666.4968414,12.0,-1.5111774734827463,206909341.43211365,-4.433048179172147,7967469390.808838
117,FB,3494.2352762641385,-29.77618387854818,-130.46603032613348,3.14,176777136529.60156,25.411671068048236,6.344370050292454,25.411671068048236,3720000000.0,6.344370050292454,-2763525810.071045,60.350409125739134,12.419254027883198,44885007283.97656,9111602288.717773,666102421.9995117
118,FCX,-20.43433716482923,0.25703770248497904,32.827032781800426,31.11620721672807,65684445267.90918,-0.04467370945280891,-1.1005532947033316,-0.04467370945280891,17866605072.311035,-1.1005532947033316,9156470302.861328,41.208464602671484,6.417772152763064,8150118993.209961,6136674661.152405,39534913482.021484
119,FDX,4.485379264355288,0.3557184371862405,4.783822911143652,7.793071205737505,27879584405.3842,0.24582813551711524,6.467069941997352,0.24582813551711524,37291602544.881836,6.467069941997352,2511271184.9140015,108.40207316469241,11.109105456515636,3546362114.1624756,434778499.6824341,15009050032.53247
120,FE,7.718571018604052,1.2065822213459292,8.901032142620295,5.678585478543255,54278524861.14258,2.6650705885465698,6.520333769648062,2.6650705885465698,9116220471.465454,6.520333769648062,1352895066.5638123,21.788498827372678,2.106473949907439,719232915.7637482,22520517449.761475,30508684089.649414
121,FFIV,-42.783552329594386,7.400394379059911,29.28561658889248,21.014464773673808,13186407660.121826,7.14122791363647,9.14007019247397,7.14122791363647,1485082271.3883362,9.14007019247397,407571111.7652359,489.35639573424123,8.569089662555143,846836975.0216064,-3.322190182926306,6056734197.552246
122,FIS,20.446703690676713,1.442486721470317,7.602624806637948,2.8483010161542666,20612236922.4458,2.736890353133248,-0.9568673569267503,2.736890353133248,2470300043.697754,-0.9568673569267503,541066761.3706589,49.20013088091309,1.763558505292167,759883672.6146088,6621459542.035156,10637450974.348145
123,FISV,16.298896363454332,1.9432513543570766,12.79395889545583,9.857803637396614,15938066900.143799,3.4461929863824423,-9.784361609761618,3.4461929863824423,2193617719.9248657,-9.784361609761618,604184869.742115,51.63696523484032,2.629300036511836,245566508.55578613,6729907839.239746,8629442675.793945
124,FL,22.224798940699998,0.32910634488487744,1.3483136406981657,1.5795607920535986,1069195444.5820923,0.10908362678362948,10.360878440823786,0.10908362678362948,1461425915.823452,10.360878440823786,91603924.37925339,143.55938135206088,4.926967448853077,797649986.8180084,-116878508.84651947,2154133265.926758
125,FLIR,4.005742753602135,0.8009327506547379,15.786170933460745,11.439240979768556,5658601146.044739,0.32278850326326847,-6.962816164349988,0.32278850326326847,1310614394.3243713,-319222.4578511864,376713723.69499207,192.58578265399046,2.687879480122376,694455451.3743286,272011573.81430244,2419300784.246765
126,FLR,20.69530465019909,0.49305098949553283,3.3360080605345956,8.948784300254601,13526851555.800903,0.2838308344429521,-30.908905441634488,0.2838308344429521,1168033593.3456268,-30.908905441634488,1046269579.5281982,69.66464792981515,22.121198306369706,4616989534.755981,120280545.61863708,8114958131.980225
127,FLS,27.45327256735368,2.137805262014183,20.742532857538663,25.2250576065544,9702282640.373291,1.4918111262593925,6.19132639670147,1.4918111262593925,2312946198.5721436,6.19132639670147,964024421.7557983,5.036092920567171,10.326639371961392,587600211.727951,-346209272.2727661,746608490.1218109
128,FMC,13.837308007721504,2.878517352486597,14.416777022858469,19.215317970101296,11981832302.429443,2.8271544836095472,2.828967588335672,2.8271544836095472,1631977531.4491882,2.828967588335672,606606471.9193573,1.4607620059691726,-2.478673371756031,11330949.708202362,415992765.5014038,621832778.9619064
129,GD,-0.7071641830316366,0.38332470865047696,10.083898203838771,11.342291633564173,32340244161.2312,0.30090312516418294,-2.8802892405224156,0.30090312516418294,8890073146.389282,-2.8802892405224156,4524328044.907776,-228.17822072951822,6.375543290730121,3280514143.248352,3221806954.8504105,14198202093.450684
130,GILD,13.785750897850448,-2.3378666506341688,11.224756874754348,11.272146827115193,105040905153.39453,0.45770101632570004,1.3812585142521812,0.45770101632570004,10021762914.314453,1.3812585142521812,4484677736.430542,-27.951168004232386,0.7137588897851401,4082858937.8183594,3980950453.3723145,5897229067.529297
131,GIS,13.437932354050417,1.6144514024793648,13.05993317978141,11.16903969189616,42852116293.086426,1.8849981573918626,9.163044913345907,1.8849981573918626,6919663738.770386,9.163044913345907,2265763020.4482727,-73.44681615959416,0.37521274081487377,296372509.7031021,7672001467.082787,53662887051.01758
132,GLW,-50.65509391466912,-0.28661619908200464,54.433629240573964,-2.5129458056355816,12192772395.208984,-1.3782897696964937,0.20795074346324327,-1.3782897696964937,5428938948.63562,0.20795074346324327,5591339594.521118,12.106645652997031,6.223217839397648,9682298804.39209,2176332835.473423,12929433570.233643
133,GM,3.125113983931783,0.34713023541764443,18.461259409701142,6.143232393356016,9496493754.372803,-1.2983875408912127,6.876230001447823,-1.2983875408912127,-3717224590.3066406,6.876230001447823,24514619483.15869,24.886020326594917,-8.180700685325064,32121927200.432373,-272330991551.60938,14777727938.840698
134,GPC,12.893419956335038,0.6232326429229289,4.8161483379522,11.59312358754704,9998886610.48114,0.5612706982016036,28.032472966269324,0.5612706982016036,3910107494.536621,28.032472966269324,727228734.8237991,3.119028085811806,5.06256349833086,773136728.469101,336190742.9724808,6907417580.777954
135,GPS,6.744645047409449,0.6097636084685405,8.398651325230844,19.029489863119807,5520821358.681152,0.6165210774055794,22.513680540000905,0.6165210774055794,5213728162.002213,22.513680540000905,1126017185.9915352,17.350551154844652,3.616019487598308,849064226.3355103,1070348222.2070465,10597077462.988037
136,GRMN,-1.8655577265690226,-2.3088533370628284,13.182466038313578,1.027300801857109,5308745793.454712,-2.875410525567986,7.366680333548146,-2.875410525567986,2363906784.637085,7.366680333548146,970244034.6623383,-80.44051094940733,10.355714000871558,2256161520.6330566,-3.141485173760884,2445228382.786438
137,GT,15.455005913063474,0.24212196319246715,-0.7685577122809946,2.0143195301192236,10877027318.242432,0.29741501611478327,0.901486796451195,0.29741501611478327,4249418147.979828,0.901486796451195,-140446472.3551178,14.243560847958662,9.9922735079586,3123513845.945526,5068210284.0167465,10159738914.91333
138,GWW,15.07002816332249,1.6631826963868264,10.647507139231038,22.143341756355767,16092295798.604492,1.7897196385904977,30.70803683390477,1.7897196385904977,4418031635.339783,30.70803683390477,919773342.087143,-37.28466940225553,3.9345085719486335,182332642.26446915,1000645733.433136,825927440.6750336
139,HAL,-48.814026127845864,1.9419097771680782,18.294637092330277,22.605880524919485,50804121308.04834,1.928522917863944,17.780808158045602,1.928522917863944,6948056122.353638,17.780808158045602,4654498263.592468,-212.8693666747713,0.7634787507240617,2338824896.245102,5107539230.301941,27987178332.31299
140,HAS,9.126623620101554,1.6499564615032654,13.31701010786378,13.652920764286591,9687202468.156616,1.9253465026159802,4.835134532545112,1.9253465026159802,2981438920.3490906,-637587971.8666992,622767120.2149506,142.81090120196313,7.476300101573884,886947587.5895233,2152230793.721161,13778297055.41626
141,HBAN,21.029849791500624,-0.3270969224123519,5.41294046073881,0.24857205142856742,11036515324.317749,-1.1347616359607855,0.4908392954005194,-1.1347616359607855,2648896768.5312805,0.4908392954005194,249614961.59469795,756.9949193934299,0.4281595325376202,2865314069.791382,4229969884.2247314,11945062262.14795
142,HCN,92.1514055797652,10.311754052902927,8.354060984375792,2.783496160280606,35345324649.91016,15.06866564006009,-3.992444613468706,15.06866564006009,1472433652.618225,63974400.70761871,159541046.93572426,572.1048914286512,3.842522432705664,1029572072.4651489,12452744951.039062,11788991743.518799
143,HCP,15.179932927974846,11.035115994469379,36.50861465990238,1.3547567927819273,40115333724.0459,17.65223880171868,5.872146117288651,17.65223880171868,2399659264.6452637,5.872146117288651,832693084.439743,24.493973176607597,0.9530933309799678,401411773.8779526,14190224471.769531,11401976420.708008
144,HD,16.358342444121803,0.5284766933162786,3.4148887646816206,5.513264770621618,52861245713.09473,0.807189062764742,3.3383287650577813,0.807189062764742,27951238744.44391,3.3383287650577813,2528688584.8464355,102.56411184625904,-207483671.2927475,1098473426.2992249,20801367113.46924,31312820679.087402
145,HES,-0.28294916162394657,0.09377144161675233,5.2730769459387155,0.7504257015018538,23475128260.713745,0.3116206569708311,0.6918216322787885,0.3116206569708311,17304548845.739258,0.6918216322787885,2233874068.2530365,-8.462733029580704,3.7545102823606555,1335105027.4272003,10472278622.864746,26705451626.663086
146,HIG,2.2365688314723684,-0.42244035116414125,4.8379042009453315,-0.07720424659905234,18390216520.085022,2.1261659514390487,11.90345878293607,2.1261659514390487,19448045493.079346,11.90345878293607,327818544.435791,122.32911672802948,208.3015456399662,85820201480.57227,9541808213.21399,34400608378.73535
147,HOG,20.498600702334898,1.1022862691144013,3.99584303866186,-9.488741159547317,14087169509.32312,2.786894536409676,1.961348708214473,2.786894536409676,1201719266.8841553,1.961348708214473,-12178882.10345459,4.327766249372871,8.202996214250561,1785806326.5872803,10752350947.347412,8761211882.037842
148,HON,2.207794592665323,0.49090389737632734,10.310353635445267,10.256764125309246,44716155886.24097,0.7726977285276604,-1.1471949784148592,0.7726977285276604,13651886817.655518,-1.1471949784148592,4538744218.80957,-18.3602272925782,2.352015438734682,1048732258.8908081,12584391260.990479,6131427654.387756
149,HP,-130.8218555323474,1.4398322739877472,20.72189392603957,15.219775254174237,8698839702.436646,1.3097482016418098,8.130507210564303,1.3097482016418098,1851066564.0204468,8.130507210564303,859600707.579361,-76.59950457609011,2.57573321714764,409985606.0735092,434076181.8232422,2579321143.453247
150,HPQ,-6.420736820802631,0.009790846280594678,7.293829610518628,7.316867953397264,73301668594.6294,0.38249013454773717,6.820728285769974,0.38249013454773717,39719589616.6626,6.820728285769974,11023321672.51294,-128.64563860361523,-597099675.3927002,6013590423.03833,48003828359.57715,52340379632.26172
151,HRB,16.81107975187379,0.8400821554234312,4.168752123121749,1.8798678030486826,2519719518.70166,0.6449034066928618,-6.658191648661159,0.6449034066928618,-1525835075.9924316,-6.658191648661159,189491409.10947418,69.15544898315238,4.965923138835876,2262498852.954468,1606695746.5204773,6194457914.762451
152,HRL,8.699010353329413,0.34995893748026674,4.2890683129917875,11.508473098673505,6620249554.220032,0.3354710431447785,8.13798976451369,0.3354710431447785,2628669775.656372,8.13798976451369,507300406.9220123,71.51199523552987,0.638269523196243,116106259.84327507,456200443.3517742,321029917.7319112
153,HRS,1.1961576612893623,0.47323814244967366,4.159899722451314,14.379556745360787,9233426375.549316,1.0479630823145953,-0.4260594494317047,1.0479630823145953,3191497887.0438232,-0.4260594494317047,651148396.4421463,-1187.9708256540762,-1.7316481238055985,141762986.27236176,3221597651.9431763,5176535365.198242
154,HST,-15.112615982844545,0.24207738752983232,-16.155277512864814,-1.2883522097333753,13870001664.989868,0.9702925328427341,-19.46545914651506,0.9702925328427341,5741096993.417114,-19.46545914651506,59317853.738464355,666.9203659681662,0.4083946616839569,508650123.839365,4988724961.623566,31563036785.17871
155,HSY,28.05353925669391,-0.4575825065155641,-1.756970534377615,10.686435147458496,5195967577.931885,-0.04909167817083926,6.929726789227743,-0.04909167817083926,2562840777.573059,6.929726789227743,162834931.86102295,-31.23794716089469,3.801877434763128,856600235.7455139,3244957676.550049,17626759298.96875
156,HUM,3.5302096259051723,0.3643123417649119,5.050528068840208,10.079537694424175,3987229684.3413696,0.04494197458321736,-58.055487950077804,0.04494197458321736,13170259284.659668,-58.055487950077804,2289754066.0284424,-37.432983392380265,111.04160321146082,18382455166.3667,3206910468.1220093,7148514262.102661
157,IBM,10.84533446909063,2.5501177345203985,20.438994579107884,15.528053386964302,327265925895.22656,2.761407452036167,8.670497382601809,2.761407452036167,58445107451.5708,8.670497382601809,22784207481.58838,126.89676768956997,14.797886988960954,15062252347.652344,39345243585.69336,92620983602.8164
158,IFF,16.97752167255726,1.786927281754057,10.540581405711904,10.237906195430753,6942598944.062134,2.0086324948489533,108.44686868686767,2.0086324948489533,1271957305.4871826,108.44686868686767,331765104.3626709,-56.925934928622155,2.432225668475837,200201498.66917038,977288818.7353668,299916673.37140846
159,INTC,-6.906848935931521,-0.4305575404399633,27.403318493604274,18.04374962101099,69169951428.66602,-0.26317178580745804,7.213501792118336,-0.26317178580745804,43528422322.09619,7.213501792118336,17691435727.087402,-77.40427478470156,3.1414871289879898,13271276954.846476,11481383918.789307,90967098839.43945
160,INTU,22.212135396485564,3.5241251985068516,16.322351097976345,14.377058926685095,21576280551.799316,3.78257120690942,-63.904452109181875,3.78257120690942,4740961073.498535,-63.904452109181875,933829174.6697998,12.488382731772617,4.349084559403142,2021694250.5117493,1647742409.4617004,16414290182.890625
161,IP,-60.90819133477271,0.2375291975330498,6.840174820921334,8.585565617157044,19733580868.387207,0.32777958815165675,7.692883921261412,0.32777958815165675,6740766179.122711,7.692883921261412,2133258445.9685364,-314.25421849585837,4.699230346797691,1878910599.6949072,4299920742.793701,20518805301.72119
162,IPG,-9.369470480299242,0.5350854682196626,3.5518643872496227,1.9566687552269286,4965340442.84227,0.41871521043327675,11.43566158329564,0.41871521043327675,9330643327.520142,11.43566158329564,259456088.9501686,575.92142139723,5.494070354775204,2775390282.59787,1208471055.2364197,4050431176.3395996
163,IRM,16.244890770194615,1.140019899481615,5.24868930275683,10.290844399276466,12878388922.08374,1.6130064945980394,26.541349732673098,1.6130064945980394,2995809352.6870117,-131688397.58705902,286165225.0095711,26.838050776002547,2.097498259377147,659718022.5123901,5063227111.853516,1087982801.1976624
164,ISRG,11.597572381602731,13.01719216449726,45.45133240956693,26.097314874671156,28628078887.35254,12.511173562850331,-3.7003624252583904,12.511173562850331,1933544781.0215454,-3.7003624252583904,827611914.260437,37.06886763948614,54.3407380364597,2147573618.968872,-1318549.8503750563,14375662368.53955
165,ITW,9.441491420351667,1.3651479157027637,14.63700047673592,6.270159840493648,34594365002.34131,1.5343111718061948,8.888930905235135,1.5343111718061948,8013798383.421875,8.888930905235135,2696344747.1960144,7.9,7.730201976730768,3656608388.26062,7136282967.381592,19580626046.188477
166,IVZ,162.5157407407387,24.223670033670714,17.04,2.92,112298922558.92188,26.99249158249222,10.279986542739152,26.99249158249222,3490000000.0,10.279986542739152,702600000.0,418.19976468493405,3.12,1410000000.0,7260000000.0,645700000.0
167,JEC,16.517557694947527,0.7224575670838931,4.190018989768589,9.018035310427678,11105279113.986816,0.6302660206618791,17.470569529571094,0.6302660206618791,2480232819.7556458,17.470569529571094,669934255.7589722,35.40603811323217,10.419816062855489,1649638347.128662,561597856.6735077,4627923959.620483
168,JNPR,-93.98074827808887,-6.255429444964648,11.507954674928442,7.414315715418979,7724285794.550842,-6.4107802893086046,11.748955568004249,-6.4107802893086046,4808623376.761597,11.748955568004249,742466477.3345871,-154.20627458989475,10.026818546204595,5305275819.036377,1247091855.8166656,5041259093.951782
169,JPM,4.107255413337043,-1.0747497103552632,19.55686809888786,0.8842883544511402,-22204651396.76953,-10.222358441710185,2.979062473113686,-10.222358441710185,148438772155.31836,2.979062473113686,25940497865.553223,-61.5821387919932,408.47243275035,1584647122510.125,1182984655710.8594,95188618869.67773
170,JWN,14.431830525904047,0.9198216765466043,6.730704920849007,10.670453320963162,17000395460.409424,1.1941440222085666,0.2956736970525071,1.1941440222085666,5511819074.190735,0.2956736970525071,887557615.244461,4.643465321802523,9.903539216752506,2104755446.905548,4841982904.107788,5205824107.91394
171,K,15.894926550313357,1.1063323137505137,7.637483872502571,10.85979826623793,32940357848.655273,1.4927922167431404,7.2268214920507035,1.4927922167431404,6604292218.538635,7.2268214920507035,1347285041.4745636,313.6778224120062,1.7593866838849124,609715145.1003494,7733183189.384338,12255401366.296143
172,KEY,-1.0077576343483088,-1.0850794139863638,31.56863125858274,1.1888674371726449,15950040490.440796,2.010609673755539,7.732783470499214,2.010609673755539,8919735384.845825,7.732783470499214,864308037.9467773,130.4897353736451,-1.3353259610512396,2454693327.336136,11960093387.121094,29057172306.841797
173,KIM,74.98784411967881,7.798108007057749,2.971715929221318,-1.7399224252219483,17809589264.80493,12.085913310024466,66.90615746937146,12.085913310024466,777698886.3295135,66.90615746937146,70260794.2368164,24.378148444538056,1.4263774951035657,690089932.4570923,6075962976.76709,636774876.9445343
174,KLAC,-27.43578238200098,-1.8184348190668516,16.765635937686525,10.785423686349247,1027044513.3339844,-1.8832229813978074,6.128498201311345,-1.8832229813978074,2234798852.8827515,6.128498201311345,722066153.0008926,32.69264360044508,17.09451107155769,2750755355.6571655,1558865565.8922424,1205864238.8126984
175,KMB,16.503132932555786,0.96833772477558,6.345193253650336,8.259412436932791,41318279418.57471,1.3347734620284086,0.4502464345491717,1.3347734620284086,7641022760.029541,0.4502464345491717,1795948285.2119904,311.4439430885468,4.689579847622554,1775802767.3999329,10495120169.922852,17431746387.131836
176,KMI,196.2549580669329,0.4259725247552524,-20.568188890956662,3.175421273923945,91699278071.13867,3.3100879867821504,-5.762219174557231,3.3100879867821504,6057802839.286865,-5.762219174557231,977126875.1411133,-12.575486077667847,0.9567334026876964,1135003166.2800293,44024905570.012695,20413081338.007812
177,KMX,24.33409695024727,0.6208844837481555,3.8851998061584823,-1.2380036156789629,15581370576.249512,1.2634329065597143,2.21062689260998,1.2634329065597143,1980054300.942749,2.21062689260998,512919058.16145325,27.31355419537499,1.9275673682493562,499078401.56985474,7143125052.897949,6964259107.32666
178,KO,8.056637453805706,2.1673397890103843,27.00413129038293,2.7455195209913654,227952047345.51953,2.6707491266367924,3.0994222856930946,2.6707491266367924,35559041246.36963,3.0994222856930946,16637979792.894775,-95.69722202199046,10.681049988559835,24051955528.09131,48639244022.39746,197748495483.10938
179,KR,-19.908906846854734,0.11881860995055149,1.7930972025683332,11.938568092121614,29139149001.61914,0.15757178795281135,-18.79911848066149,0.15757178795281135,22492848601.21289,-18.79911848066149,1563004834.746521,18.84762420287592,1.171108806453475,644391361.0976868,8189574356.774521,2916029444.492569
180,KSS,2.6731168532792253,0.020742179404578565,5.437649609339815,8.36691843829459,14916742566.813293,0.24488313027015352,-21.776321659603127,0.24488313027015352,9965742187.706543,-21.776321659603127,1380543716.8774567,-0.09838981632310606,5.667289838546822,1404490612.7024841,5967880753.457153,8783175718.48462
181,KSU,-95.67308458600019,2.9334313345556495,15.689699327453582,9.87737864541623,11394220956.890137,5.161417266429908,-5.764342584160204,5.161417266429908,1784187844.6181946,-5.764342584160204,258565918.08000946,411.58086320570146,-2.9952973274079113,-101777979.85974121,4529002815.479492,886359044.8785706
182,LEG,22.151825603971815,0.8831566268905462,4.464639091681946,5.329992882758631,3307915212.355194,1.1491698640475967,8.379320817444977,1.1491698640475967,578909887.9618988,8.379320817444977,107846514.03059769,42.58543795010678,1.0052402101690348,45703286.755615234,708861522.5191498,3120843057.398926
183,LEN,78.94638690784814,0.9595993755787546,15.006864528454457,-11.84784190121718,2401850269.2331543,2.626901945751001,7.061869647662718,2.626901945751001,675454321.056839,7.061869647662718,493052228.5399475,13.668690577848565,4.3189182453492805,1062803506.0706635,6061138557.766602,5380038042.960083
184,LH,13.945259534233855,1.1085296274331142,8.737290534633473,11.753692554704003,13605484539.770264,1.5933813033954891,3.2364622222230537,1.5933813033954891,2976989349.5312805,3.2364622222230537,712789573.7073517,-41.38302891258536,3.5921746074117777,288422497.4669781,3384725007.535095,5858645723.037842
185,LLL,-2.185691929866607,-0.21432286215247132,6.108073440817591,9.526071417770481,20470268817.468018,-0.09172097339592256,21.58605596572454,-0.09172097339592256,2856766119.826294,21.58605596572454,1704821320.4561462,17.647473192207826,12.850413110307727,1474336273.9030151,7754593365.546509,15347882807.55664
186,LLY,-6.128231188330574,-0.9656405742800871,19.09012143079599,14.116764391346123,25468229355.526367,-1.0094230711010823,-5.383873305095221,-1.0094230711010823,23145833564.937256,-5.383873305095221,6184204846.662231,-53.16622489901056,6.1967524983692215,6848469661.150696,6573881597.542358,29649257642.194336
187,LMT,-5.632739015399238,0.5104929902994542,9.676987367547326,10.695180577312726,36219864238.49243,0.47038856822162955,-3.330005775923837,0.47038856822162955,-4079780645.1188965,-3.330005775923837,4671188175.041992,-1.8160661612905642,19.340473008052868,5788289603.846436,6679888614.005402,13300759115.071533
188,LOW,11.229756274001602,-0.045980581744032634,2.2455849228880425,3.977856084704399,31091317641.058594,0.13949970302940073,9.241965492004757,0.13949970302940073,24874930811.23755,9.241965492004757,2115380483.55513,25.773166400409536,1.0592471006685251,2054215938.370697,11879295436.792236,10600258505.57019
189,LRCX,-162.40323826130043,-0.4572904883583533,37.261216577352116,19.396105254839995,3846179139.0350227,-0.8441891602727765,11.03208775826971,-0.8441891602727765,1539573284.0647278,499374447.5524521,1171685523.6436462,366.55066789431294,21.589993834832967,2629932896.274231,722331149.6214142,6223342919.582031
190,LUK,60.049978313185875,4.470467386961786,232.47797402252763,9.36240651704361,12393057012.126465,6.5308610876685975,9.252653292475998,6.5308610876685975,1202701082.5802002,9.252653292475998,3069105650.2041016,-18.164651285289438,-3.0078416760939035,91803297.00564575,2911605986.9859924,16072471689.033203
191,LUV,0.8491563721199782,-1.1019504074066617,-0.3439281392173825,2.637412664525641,2459398496.187256,-1.0897594791505298,7.016330928226807,-1.0897594791505298,9189705093.602783,7.016330928226807,469999397.58715916,-14698.554054054432,7.223443709473372,5489205598.625977,5624405227.556763,10381283545.314697
192,LYB,19.664297950674154,1.4094644680238275,-24.338707668344796,20.309369864949986,66576089039.36328,1.3105547508311304,-0.7520937677627444,1.3105547508311304,10558783748.642822,-0.7520937677627444,6001757139.98999,118.83723205355818,-0.04119002015704609,120044240.45166016,-1306044515.3183594,-29974768915.628906
193,M,17.591305200745637,1.0431053982271408,7.395859215654127,11.491637496304293,42049279792.73926,0.9517757738923649,18.079269103620163,0.9517757738923649,9576283157.743378,18.079269103620163,1913743809.924286,-49.14430706334679,10.420986207017904,4303393713.2677,1951452140.9316406,14239496028.42041
194,MA,-180.84529788029613,10.440561091503696,67.95253592635527,41.9885708991942,77516782431.42188,9.752932007587333,5.945861879650693,9.752932007587333,9953318611.642822,5.945861879650693,4533901730.9104,615.3774243117659,58.393434538248584,7173701518.799316,-279640129.78253174,36337100498.7334
195,MAC,326.3394047444526,9.441040332190937,25.181159953662245,3.920020087141552,18831634425.61963,12.986495846180162,10.306671074883951,12.986495846180162,585709094.6766891,10.306671074883951,202857094.715271,9.983077257375953,0.6790323359389276,161934430.61234856,4928993304.82019,12339172476.537354
196,MAR,44.788859530048285,-0.11948360890249887,0.6615895329626937,6.169545250138592,8448604774.587402,0.2474342934725371,2.4239649387075133,0.2474342934725371,3275382981.616333,2.4239649387075133,516180728.44784546,-303.1966432063564,-0.7689597970036175,-41453685.735824585,5091308440.106995,11668635120.357422
197,MAS,13.817515528606464,-1.5973270602021898,-9.586068740678002,-0.7954199003672784,-18640511522.515625,-1.385775459705826,-93.05476913417442,-1.385775459705826,3870865789.7158203,-93.05476913417442,-1202956568.4369507,-113.0305805393873,4623627974.793213,2339337539.7498474,4244399393.601467,-340431732.19277954
198,MAT,13.30431903876979,1.2097111349206813,9.517710588815646,7.547116739236344,9776411476.26123,1.4000817240409056,9.935893484192718,1.4000817240409056,3430947751.042145,9.935893484192718,686737417.1299477,-33.37123359930956,1.8644522313023089,514904568.8869438,1637541598.438507,12868349647.710205
199,MCD,14.56568574823018,4.838367849264216,29.956935825592154,23.753774398311634,160128188221.35156,5.150510764905675,14.780660104053936,5.150510764905675,13704591570.315674,14.780660104053936,8498084624.077026,62.15346883258644,3.401040681721838,3357890792.155548,14640491488.817017,111592525481.61523
200,MCHP,32.324187157536585,2.321839129272007,13.93850884399717,1.9817206498773885,4409918143.423645,1.841492378339808,-27.728994534205412,1.841492378339808,1081933984.5791016,-27.728994534205412,264723531.01747417,29.828935614295233,11.73594756212242,2198046392.857239,1278448012.3116455,484319295.38280106
201,MCK,16.838920364784087,0.218881310493245,1.4896645406776088,5.919169004792991,31661994251.722656,0.21203159908133173,8.019482912794956,0.21203159908133173,8564745729.456543,8.019482912794956,1818389004.4098816,27.01952147670778,23.545556116077023,5844950082.226685,6251092144.307373,39121615383.333984
202,MCO,-10.252407441269497,-2.3379454646149043,27.819895880231286,13.667781296120666,4242914895.930664,-2.0597574862110832,5.913385061293866,-2.0597574862110832,2202217504.448883,5.913385061293866,901975117.6595078,-29.05321148497751,3.3170811025157434,1076756279.227951,2467417935.8809204,7740127633.928467
203,MET,12.494229776296578,0.5894800037829313,5.118935922988214,0.5409171209830106,116272129469.57812,1.6085597144203092,2.0306349940847213,1.6085597144203092,11543684459.603516,2.0306349940847213,4661366629.371765,49.47941867101963,61.12098294750831,63526080713.81055,113245830767.71875,123249096054.57812
204,MKC,5.686539358484879,0.8459603641735782,11.24838207214708,9.421319126439577,6576026874.345459,1.2889225223179324,-6.700080506916038,1.2889225223179324,1838813242.5807343,-649363034.8766174,438850401.8996582,53.66307780979696,0.5033791296089873,66274622.58465481,1835435041.693634,9733955496.497803
205,MMC,19.11833790548019,0.936066123118124,2.1048968962588788,2.4834549042319622,13917737927.716919,1.001735230032807,-95.60792320642213,1.001735230032807,15181279835.2323,-95.60792320642213,214258977.1774292,-10.886025905583665,4.241813791556126,2320627480.9444275,2857588379.5248413,1245515598.0313582
206,MMM,1.4281936452630362,0.3764531561752733,15.420771047595238,8.9734290144047,46142495217.27783,0.4790491209678862,6.073879091825063,0.4790491209678862,16979373858.735107,6.073879091825063,5854897944.959717,-1128.118931264995,9.557640773962248,6467557151.220825,9517901969.430664,57614272553.97656
207,MNST,34.1173522164172,2.5958016912261996,4.8720453813418345,20.830795240971838,9119775125.829468,1.4262781870441472,7.5584428593749635,1.4262781870441472,1744711086.7608948,7.5584428593749635,467239983.7970505,40.30120268802193,15.515702711391896,2035698879.2632751,-137220565.12236404,924326497.913269
208,MO,18.583955877769654,4.982129631220005,29.171750819086355,15.790843733790666,-7107359222.496094,5.942533799161765,3.2191102842029977,5.942533799161765,-9986465000.769531,3.2191102842029977,-2040036552.208252,196.2041573569586,-0.6657155841423901,-1395674578.16333,-1891035488.9233398,48893546892.63281
209,MON,-36.8608331985979,5.184991541521583,28.98660539585262,18.00201832667517,75910518918.34961,4.926362347775012,-1.6793787366009383,4.926362347775012,10411245036.018555,-1.6793787366009383,3554223227.69989,-191.0198768552218,6.752496968772334,4409883466.450562,2663323711.593994,17505651346.89209
210,MOS,-223.58650918763306,2.464621834096871,51.74098118562142,30.54403223528334,36240749109.887695,1.4260258952824358,18.441821469440526,1.4260258952824358,6727929635.679199,-12564455.457157612,5780876431.259644,5668.775053631514,17.43817544776357,7637034248.441895,-595148457.2775269,27818463803.14453
211,MPC,17.88294533917633,0.8364142073630774,7.387938126500785,14.504990632844283,64828441358.12695,0.7664203140061261,6.212038815975205,0.7664203140061261,29514721189.591797,6.212038815975205,6535810507.716064,179.3939611433998,38.140231723977195,11910599630.786133,3623048448.26915,-13182565782.15332
212,MRK,27.29929289062693,1.704266003114867,2.7871927789451547,-0.9229116848036938,147057726009.13672,1.6720646605321008,12.240484996036088,1.6720646605321008,38763196252.706055,12.240484996036088,5997498838.360733,-38.82044753539958,7.377381171409411,23452316388.77832,26252945787.896973,32628531838.436035
213,MRO,7.583175206554358,1.5228916650100075,19.46950724969747,5.957868548812712,24939581366.733032,1.810705684485555,5.938598224539078,1.810705684485555,14441164872.239624,5.938598224539078,1574320680.6941223,4.920030326798951,0.1679880399257172,2426056382.59466,7104693577.883057,13757422985.644775
214,MSFT,-9.814415521440424,-1.2412981485138062,37.31900286864902,24.233749446563024,97998806516.85156,-1.0589282774694766,6.239233528902389,-1.0589282774694766,77101695746.67676,6.239233528902389,34430092917.81006,37.573745427667745,7.555878101366488,53393127317.670166,23993193906.098145,182803419364.90625
215,MTB,9.42121054729887,1.1078486956274674,19.159679060852568,0.903445060117761,17567145173.282715,3.117232458610033,-15.001939100998243,3.117232458610033,6469722693.750916,-15.001939100998243,813943681.2278061,-913.91984356576,29.656600904841525,3744243844.527588,11342947600.215088,24320546897.086426
216,MU,2.4399415218995273,-0.5864249987610606,0.9039894034817735,-0.3133467457897723,3522600679.8466797,-0.5548736304658064,13.298909772547631,-0.5548736304658064,2634933083.0723267,13.298909772547631,576224416.7918787,-284.78943087891093,2.4468697450138706,3006696917.204651,3116956561.3945312,7086181756.954224
217,MYL,22.683929676212983,-2.3966385484748116,3.5125512488298227,-5.294729038452715,14299287627.40039,0.4362302269045131,-4.383806206959434,0.4362302269045131,3103663085.031067,-4.383806206959434,729515683.9642792,97.05457490320077,1.873885565334433,689596127.2280006,11374428517.54541,17232327333.073242
218,NBL,14.109745840813616,7.477295375618496,47.5520595757971,10.448656076244589,31172344724.152832,7.675222139442212,-7.568970146849551,7.675222139442212,4724872096.25177,-7.568970146849551,1951093763.5415344,-90.49881079953047,11.495364928709023,2279730298.8429565,4349685603.856934,25841824462.589844
219,NDAQ,-30.87651886276217,0.7728766675829775,25.173065632985526,7.098032870254144,12594051659.784912,1.9766220168241588,12.962886471893626,1.9766220168241588,2262363553.6502075,12.962886471893626,871234711.3983002,-187.90816010355047,2.178525658472381,950847157.9535332,5853626614.013428,11758758057.964355
220,NEM,32.43716152580748,0.09249019793355728,9.997974371318833,13.779385929067075,33855072002.86621,0.4232157013964297,12.012714954915282,0.4232157013964297,10257164339.581787,12.012714954915282,2147924054.442871,54.40207681651282,7.285284142832666,3740057026.979004,7448542464.310913,20016135597.32666
221,NFLX,-48.92143681493326,1.5523642553186363,7.539314243887986,18.861042096079473,9039189943.163086,1.7679802992929403,0.7552254459740197,1.7679802992929403,1692595984.3808594,0.7552254459740197,305336124.7214279,223.38054236654716,16.388733284292584,908503091.7829895,616904771.3809052,5125095502.078735
222,NFX,29.22815484588864,1.8605278597126755,28.22396122289001,11.331128899435868,11051243979.52295,3.4983219010245676,3.8326870815596976,3.4983219010245676,3006008764.1395874,3.8326870815596976,593080181.4137344,-23.375888491003934,1.5414590705965168,255289036.4675026,4550944417.87207,1637726815.2075958
223,NKE,20.002204793912483,2.0104656264018885,10.431501445426193,11.842387129954346,55719159782.23633,1.7971414885197206,6.362839031570672,1.7971414885197206,13746555406.965088,6.362839031570672,3132622736.4490356,-110.30993924924405,8.967406199603374,5402973082.198242,135738908.86639404,19414792708.99756
224,NOV,11.772640298064061,2.28829378542693,16.347277669306095,3.5432681031463744,45094401359.47168,1.8888577396569781,5.59232776273916,1.8888577396569781,7356519924.613159,5.59232776273916,3361652705.26532,2.9014535838014126,9.879443190349775,5493189111.036255,836404918.7266312,33773440603.11914
225,NSC,11.766524955067439,2.793890934043759,22.84793419140624,9.98513360462789,47320330869.23926,3.0528201508839246,-22.30401326487845,3.0528201508839246,10152538240.430298,-22.30401326487845,2738563034.14447,-38.78997292709391,1.6518594586642195,502197720.23301315,6497772663.828384,23040639592.003906
226,NTAP,-11.792709765699328,-2.157207611207241,9.84767226464237,3.125831820158055,13129236949.974365,-2.6607841295690378,2.4416112574183444,-2.6607841295690378,5544764646.80896,2.4416112574183444,1025105116.3681488,15.260618342842008,22.424061137982335,8177066982.600342,2445182319.17511,15245457125.259766
227,NTRS,13.914103698827603,-2.357110557480837,-5.5302586760099075,0.20362552912487786,-3397313131.4331055,-11.544803423362282,12.414155781634236,-11.544803423362282,7182661933.043945,12.414155781634236,688227014.1842194,-423.58325324582984,144.12440331410835,35280243939.779785,4594590945.0321045,4202627362.234253
228,NUE,70.50616544627337,0.7841046605007094,1.9656300418122328,4.143073939398619,26618143750.856445,0.990061095016511,-2.0921979153954453,0.990061095016511,3389326114.9249268,-2.0921979153954453,1082203367.9156704,127.22100195161511,6.172717573116813,3197101361.6105347,6726769219.05188,11148914131.729492
229,NVDA,-15.5619766983109,2.5576916843003423,24.776711065964264,12.482462934650812,9103551410.423828,1.5991059176639197,2.718177773671414,1.5991059176639197,2693893459.3893433,2.718177773671414,1064542616.1418915,15.407534774486976,4.882085195317529,4605819229.561401,34722424.97247028,7341725983.447998
230,NWL,-496.70986662778887,0.2980095582336446,12.135559471090573,14.440318189805794,4592720409.174255,0.8546502850430358,3.7554167997082004,0.8546502850430358,2427762703.7124557,3.7554167997082004,714433242.7350006,408.5053076825279,-0.23144936719185694,-50987555.098106384,2510635053.9154167,9013674751.87378
231,NWSA,31.59489700431004,3.135270351577674,11.097452998266988,8.898257155306283,125035349283.92969,3.3691314553474285,-16.545582111350996,3.3691314553474285,74909256132.89648,-16.545582111350996,4918350636.053589,-9.943911533586288,5.0753884649871,10510356543.506073,17557903673.177246,-9347666898.048828
232,OKE,36.853460893422834,0.5320239723731088,-0.7578004226746771,6.310918969330714,22984642850.936523,0.6635051756048398,-2.7498521874786093,0.6635051756048398,3446858093.9941406,-2.7498521874786093,449738582.0132179,17.053447200106575,6.401776767697697,957322084.1717682,8483244806.3376465,11785669645.927734
233,OMC,5.176785947985081,0.0476090663194384,5.354415574808229,5.984216737345811,11128763646.750488,0.12131487085889603,8.660238210782268,0.12131487085889603,19111674547.711914,8.660238210782268,1184280175.963005,21.04371380464289,6.610710557727373,2231377064.253479,4108740677.014618,22549910269.797363
234,ORLY,16.397089705553526,1.3406502561431495,8.585197624681115,9.3647563751488,14592800568.89746,1.5103446871370139,27.33243007165595,1.5103446871370139,4554018307.439331,27.33243007165595,747568533.3125153,21.540569676198174,0.5719107730312913,235099902.3144951,1024241103.8615112,16955441140.806152
235,OXY,14.284373899967022,4.125324873814634,31.093716227861478,10.722140253176121,119420232177.29492,4.087770095815756,4.598829977927721,4.087770095815756,22127769883.79883,4.598829977927721,9174122835.885986,-1.6478860455254107,5.0537413773495246,4866185476.42688,6278346258.282837,76806799414.14453
236,PAYX,5.549223949399675,1.5599361109680103,25.42384329016751,12.471940837652937,9422200973.345398,3.109562179575164,296.2898459977805,3.109562179575164,3074906179.1569214,296.2898459977805,720468845.2397537,185.68117155893196,-4.278925675067512,-1651198230.8302002,-1.1053080133434605,1437121167.2544556
237,PBCT,40.10218489319698,5.366508475215653,18.039494054459738,0.79308898784344,5812674148.339172,1.260360187060428,16.032775459261643,1.260360187060428,-287344800.6208191,16.032775459261643,202619653.9912758,-109.39249048249985,6.673373222118926,3992498748.8201904,931170743.8614655,5058828319.3984375
238,PCAR,-20.229960867311092,0.15563844486047174,17.35195121555512,18.67533987599859,38297251762.99805,0.16236025111763297,15.686792240461045,0.16236025111763297,9565032955.337158,15.686792240461045,4855332970.425781,-160.62945956936892,-5.6303215897410155,4167756222.170532,20417034011.530273,4104858145.328491
239,PCG,31.947817232011857,1.4581539856276677,-4.230133171397483,-0.5341483124346951,45021987496.40723,2.3035702104355735,8.744569528637555,2.3035702104355735,1713314439.8919678,8.744569528637555,-94869098.16491699,-46.2110897879611,-7.860511957424933,-3316963115.821167,11205246614.813019,52476476056.06152
240,PCLN,9.054078004931398,11.820871345805244,41.61627769765437,40.51942305383727,50081770542.48242,10.948226676351851,9.8738205215069,10.948226676351851,4643642768.062012,9.8738205215069,1867347729.0095825,-10.837497837006595,96.74306229744252,4907582427.917114,1268090216.9471436,17400753849.507324
241,PDCO,-2.9231720225716344,-0.6602503903198453,5.2518796108856804,7.6506615080628535,1546907341.9630127,-0.6018575492729497,6.734827559245616,-0.6018575492729497,1559793707.333847,6.734827559245616,269714601.25562096,-170.6397108091478,0.3206947353201599,151278091.21277237,507213013.70310783,501081840.8554306
242,PEG,6.432982136468354,1.846404452614422,18.769162139096807,8.517202046171292,33142972141.256348,2.083381644121033,9.677118243084522,2.083381644121033,5244808363.03067,9.677118243084522,1972320682.2815247,8.561729016669233,1.084385579534274,838837213.7746887,3562881242.486328,13363515023.437256
243,PEP,10.513284230991303,0.14283477071239759,5.965695189367807,3.52481126693624,158370930826.3672,0.8512634626571867,-4.375487587918542,0.8512634626571867,47666062502.37793,-4.375487587918542,8391491951.05835,292.03132728677156,2.9539410995676576,4441351951.012604,49954747890.11426,184479533286.08984
244,PFE,-41.89921592538303,-0.18908193241577465,16.69098276652784,6.725543532988297,102099406570.64648,0.1458905753787576,-11.703621423902405,0.1458905753787576,64360699483.87549,-11.703621423902405,11327708824.286499,-126.04488147276425,5.176672609583534,39623080473.78223,65017813186.01465,208527994474.47266
245,PFG,7.07840937495871,0.21319149212223465,4.2368951832951325,-0.1362878421014102,1240864426.8581543,-0.46434794042750127,11.626570675944322,-0.46434794042750127,3712530846.910034,11.626570675944322,441321857.0128937,12.795663801264709,24.59073240789712,7212255333.93457,1074544685.4056091,15570043625.98999
246,PG,13.307100528235196,1.5086033649862713,13.731842399004663,3.0729417201737306,270187634725.26953,1.9168864691715726,1.1286702582051475,1.9168864691715726,57702489095.49414,-250180359.01261902,14563152832.435547,-65.37864917059778,-0.25381928310508783,456350789.5587158,42107297303.71533,181122434854.0664
247,PGR,205.6220354943398,-0.06096258001841193,-2.163012386586388,-2.615471835262042,2429361899.970459,-0.019233558281143814,1.9092500162337274,-0.019233558281143814,-1792644982.9121094,-1581207.9085891843,-11982877.71282959,15.966881915283011,4.543422871814528,3034778868.3361816,3158743208.195282,17744080256.737305
248,PH,2.101340956918648,0.9904253709816465,12.519219222829292,13.270945680278714,20534246863.63672,1.133757786370488,47.929227432919106,1.133757786370488,4134511944.2750244,47.929227432919106,1846959108.249176,106.43265908411558,9.704530116129035,1669846364.7938843,3484183287.5481567,20839541619.407715
249,PHM,18.289130871768066,0.3817761732616489,24.08105512248585,-7.828203155077517,673503771.4458008,1.1026986902268483,5.676550643750488,1.1026986902268483,-122792911.12402344,5.676550643750488,689713742.6015015,2066.51081843843,3.5156538355733176,1910916221.2944946,3493133755.6851044,2278480880.398773
250,PKI,569.850680725649,1.7814099488252069,5.5895232635629,2.129872953932164,4868578063.699158,2.224691314400957,7.086155077557919,2.224691314400957,999737464.6246796,7.086155077557919,-3194398.160709381,16.4091231363484,2.0298350416836257,211348561.25364256,1150650385.093933,1303991829.9823914
251,PM,24.385001214946442,6.8975839496193885,28.624004323445092,29.717091975816857,284564766249.4297,7.686777308586329,7.487333208049222,7.686777308586329,25958938359.116455,7.487333208049222,11564486227.674683,-11.630601231714536,2.7174549535802726,3918770807.0515137,33505921670.60742,186161738756.21875
252,PNC,7.365470271204117,-0.31157700118035336,7.379512456349403,0.7354025939427373,93409248968.75586,0.16596347747872642,5.547156073276142,-1405640904.6062012,17049642230.378174,5.547156073276142,4600881008.214783,-137.76228523813552,27.66421216764661,17346190349.994873,59067624169.21777,57560299350.259766
253,PNR,35.080750299431884,0.9225525010890436,5.1816807022820015,4.777477121092161,5702782490.85791,1.3264351389568567,24.335577748149262,1.3264351389568567,1350890813.3020782,-20050571.073791504,224434679.31267738,-204.5649710748039,0.3242812563107549,62542025.52766299,1570392146.6852264,5528580285.7109375
254,PNW,10.947507691420697,1.7149007593513375,13.967351980948592,6.74807170980921,9437050286.653809,1.9225391378481191,7.831450484418184,1.9225391378481191,3343099441.26828,7.831450484418184,641367648.1592026,26.288334913791573,2.4872410875426425,330771762.2973614,3675979762.6441345,-2020648163.0622559
255,PPG,18.25421948677925,0.39003460389240274,4.00138952600372,3.394237322966319,16934652101.117676,0.6697595593086731,9.242857295469321,0.6697595593086731,7313202758.74231,9.242857295469321,1057657792.8168716,82.8810233030149,12.992822607319795,2020259922.6488037,6968807645.405518,22359604415.16455
256,PPL,12.238210975707318,1.4333168459162025,11.018447105905551,5.4421140869337705,49177940820.805664,2.9711828385156522,9.57099321582632,2.9711828385156522,2538713559.702423,9.57099321582632,1608539744.7982178,-377.95188441235223,0.5904488273056359,1869609586.7410583,22268607260.686523,32202832669.779297
257,PRU,3.2264954326121824,0.13347268480603702,6.08292996161947,0.4416334290627262,3534317636.899414,-0.6979812004399264,2.6141353060590973,-0.6979812004399264,10762939747.203125,2.6141353060590973,3850412528.6158447,-1130.1284032302501,158.71928516786647,74688578750.11035,44007038601.92554,30445808377.859375
258,PWR,26.26405002172953,3.79392375132619,11.307355375952966,12.284952218308263,12036802520.2417,3.4057976877379588,4.904024706018049,3.4057976877379588,865259970.1124573,4.904024706018049,357650595.76026154,0.2758997730356896,3.7133524352377663,840490825.5528412,316081584.4473686,5535812186.366211
259,PX,19.945858183776124,3.316082705750347,16.665818615170792,10.791958796501376,56248548208.96582,3.918279334382902,4.206811835904318,3.918279334382902,6754553564.906006,4.206811835904318,2358783697.247406,-59.94802504906693,0.34470612648342325,116439993.40114021,9173885244.320312,27601710435.88916
260,QCOM,-0.5122017803123526,-0.5955652220006868,29.15328636618017,3.358011522103425,102628014523.50098,-0.7880687855902124,7.585270411146325,-0.7880687855902124,14769184457.98462,7.585270411146325,7356516296.077637,22.60901467857184,8.410517477963936,17209305758.497314,2043533287.0671387,63328592095.10547
261,RHI,-117.0432165654056,0.24026378807468518,3.9801308065157457,14.800518713728934,2592962956.1540527,0.2559943437194363,9.655329389748037,0.2559943437194363,1801339693.7311554,9.655329389748037,173639976.05700064,-28.133198257572076,1.4555989101301066,138238168.39083862,793062.7522821426,4652222881.9279785
262,RHT,89.85945827039814,10.152519274204167,13.98998346551602,1.5531998176625166,12873615404.373047,9.113003375938547,10.458305721407555,9.113003375938547,1307984827.5444946,10.458305721407555,205543475.40138626,-127.58434961118837,6.593299467534791,1370492393.69133,-160391228.16464233,7231189978.013428
263,RL,21.977441865771652,2.7487498831201833,15.408660898197695,21.04324226999597,20157758256.056152,2.57924097185483,19.519046663242534,2.57924097185483,5437418214.502808,19.519046663242534,1057087410.315033,-24.095333235514772,20.340935364525194,2099678972.0949402,1365772809.4265137,2371023714.427368
264,ROK,8.056753534191557,1.4940707609820407,14.306692170195902,13.316060346892982,11470589025.122864,1.4243890119112024,14.970560937465962,1.4243890119112024,2950093567.2404175,14.970560937465962,959294648.2227631,21.840348969856848,12.4193063466887,1680432460.4751587,1437997118.19693,4528719476.625244
265,ROP,16.619371875598972,4.311072821953928,21.268532748694042,10.850946058208137,18741590908.249023,4.437952515098772,-2.155107173748547,4.437952515098772,2475037944.699463,-2.155107173748547,739069975.4915924,11.922181701344016,4.773456406367984,585428050.2320862,2242280569.4984436,1058931261.1667786
266,ROST,10.24986112846318,1.2510910812374547,9.671911705069988,27.757457142523435,13375448026.587646,1.1559982790906602,11.161572914815336,1.1559982790906602,3135812019.694031,11.161572914815336,991788534.6451263,420.9317542676217,8.482178932744773,1127002498.5560608,250051706.3338318,11779942335.35962
267,RRC,230.66128969618512,13.064851639875997,23.03116528174246,4.287243517632959,19835948216.276855,14.360946832937316,4.34660404321221,14.360946832937316,1611024390.0136108,4.34660404321221,331843666.8013916,1078.2659900098806,1.4654569142198,236949325.85817719,3170518611.8201294,10264063705.306152
268,RSG,27.77423140066435,0.9159097939242713,0.3647471679907994,5.545814805176246,38036731404.924805,2.739152805810349,-15.662052647182463,2.739152805810349,1864931732.676422,-15.662052647182463,693158782.5206146,32.28264609971529,-0.8652089865642552,-36450010.62597275,16314054576.828613,1860728679.2303467
269,SBUX,4.513507231431504,1.7802005113186397,11.797362308947982,14.159242799646819,43826528514.54004,1.6950629525143768,-10.281333026457105,1.6950629525143768,10159022528.524658,-10.281333026457105,1894556301.2265625,-81.48297077627285,3.401234268100552,3097735293.5353394,1276931906.8860474,24148045275.354004
270,SCG,10.836403882037985,0.8421449675325547,6.8808052713302885,4.852336807063324,12200779573.505127,1.7967343487254297,-4.268676550493183,1.7967343487254297,1514599603.6679783,-4.268676550493183,470559052.27767944,336.6344751847573,-1556429501.1297607,31336780.58406067,6057770534.298889,14026558684.284424
271,SCHW,26.486791475378595,2.4017291677588446,1.2173752369462818,-0.4852207322862796,-11862469944.450195,4.598215599993523,8.069350039723716,4.598215599993523,4070345961.0661316,8.069350039723716,736413922.6770248,0.4636444705312215,34.731063859964706,42167243329.54004,3484456262.571594,10254825416.870117
272,SEE,7.974640723891298,0.5968581669212369,5.889868099229519,8.026345626127068,5187939175.368439,0.41265699618872986,17.10420214606097,0.41265699618872986,1405301918.8996964,17.10420214606097,334731219.8101158,-482.6619756106229,2.3161562726338616,913651799.3814392,553781032.9143372,8855005976.50586
273,SHW,7.994867156216515,1.301568283102661,11.458331873035718,23.36097202198289,20014439138.82422,1.2346435970220622,16.44102727456402,1.2346435970220622,7500228069.947632,16.44102727456402,1502110754.1246033,88.67586130363452,15.301978963488637,2029199556.975525,1343757174.3300629,1905832765.4669495
274,SJM,14.707191625224368,1.6642458935655426,11.573761620508208,8.243572337490718,15656376583.53711,1.9712008873853293,4.245194931874039,1.9712008873853293,2807736674.82251,4.245194931874039,781357852.0670776,71.15595143757673,7.3737378247376455,826175465.5157776,2892500227.9796753,7240936672.503174
275,SNA,3.444909077714783,1.5626972297759494,12.61907246364808,10.932507049172045,6297323149.80896,2.0613746199597927,5.665535329857789,2.0613746199597927,1455577605.5317383,5.665535329857789,370066212.8555908,14.682563395928582,10.701993775509436,623603029.6687775,1921065044.6376648,7636606192.686279
276,SO,19.593994581816787,2.0184901629893695,9.607578388593254,4.743282337849671,81984624793.23438,3.1841112252862445,7.716897633878702,3.1841112252862445,4906715028.910095,7.716897633878702,2572170994.168152,46.45553566257058,1.6651956709647493,1424710344.3821716,27311898528.470215,86412067735.54883
277,SPG,46.49743377255197,4.177878644464215,7.363383648706531,8.50095529814962,31002833145.043945,8.062895039984824,5.474745895974763,8.062895039984824,7134893581.782959,5.474745895974763,889065980.1643829,0.3477505953151194,4.114754485405513,973639638.9608307,29326318793.875,2859241185.992035
278,SRCL,37.408206872037226,5.052385405779432,13.470801008939787,9.25208575414652,15073578143.526611,6.020326361786516,1.1073822221414957,6.020326361786516,1184216346.4859009,1.1073822221414957,377464907.33122253,-8.81904647632291,0.43929143365358314,48555967.7767849,2095972183.7896118,3814500546.4093018
279,SRE,28.76967898369594,2.652142666073246,10.256644217558375,1.9229800726041617,45481299789.41406,4.4167432187462055,9.332100207157623,4.4167432187462055,2758840902.60614,9.332100207157623,966558549.3730478,87.42043275613287,1.8374864126810735,469522111.18278503,17229059033.19458,2964388255.0794067
280,STI,9.166675423205675,-2.866767293257226,-6.392920697118825,-0.21649406715849295,3819820142.425293,-5.065029992630571,2.738795554632361,-5.065029992630571,19175086856.869385,2.738795554632361,162589334.676239,91.62877584501621,65.46708665340884,28714711718.328613,27694781304.838196,11733121449.082031
281,STT,5.741019604450003,-7.522501971373458,-37.5811003004801,0.7901739677806248,16974241538.899231,-27.301573511642346,-29.70323236270997,-27.301573511642346,19496893862.456055,-29.70323236270997,2418737413.08078,305.3471353732166,-9603473966.393066,108602407138.82617,59998444449.686035,24843189925.458008
282,STX,-4.863436523884047,-0.02048419776241417,13.077554021542937,12.23944269841354,8227162129.066605,0.1886213362930107,1.2343179690881243,0.1886213362930107,4005576572.0805054,1.2343179690881243,2191629259.461975,57.877097864658936,8.765486175369688,3482573705.645752,5393229138.847656,8421717190.621338
283,STZ,-3.098571904379696,1.3132569380862584,27.833461594651,3.5711495061999585,9777429125.618042,3.04265036220346,-0.4021121096634488,3.04265036220346,1244542950.2112694,-0.4021121096634488,772028474.1386414,72.37299704421321,0.17032293094117712,40554838.0939827,3842019687.340393,10191427078.582275
284,SWK,9.864175019549975,0.9893764910424778,7.056965033385239,4.802394964289078,17898260990.97632,1.3557746062561595,-2.945578197987743,1.3557746062561595,2990717433.5492554,-1306083660.3668213,855167779.3943176,12.112191140395907,6.166117478300521,1007757937.2487335,4631240407.542969,1183072898.0238342
285,SYK,-19.22568573400349,1.3471276553057692,27.848935913773857,7.428936277289495,36489256132.34912,0.14996730603036212,54.234192307691956,0.14996730603036212,8356239016.24939,54.234192307691956,2403090904.527466,59.49189303544472,18.10591446523449,7425688959.793945,-97412873.24298096,2407986421.9592896
286,SYMC,1.994897651773499,-4.370556265584582,25.62593681031501,-1.4265471701135084,9029029207.602661,-3.1852959081743393,7.265784350436036,-3.1852959081743393,9197528572.98352,7.265784350436036,2594145567.3690796,-17.04053774602744,-0.17090066527214276,2892804384.0619354,4428257732.941223,7527098211.108398
287,SYY,-8.669946289272048,-0.3458083185152816,2.450295383504212,10.762824297944718,2458693565.913086,-0.3200644193467497,4.376112988630439,-0.3200644193467497,10336098091.940552,4.376112988630439,1455456426.6820984,-170.99291553483636,2.716945836392938,1579246470.105072,4011301251.8529663,2347810560.382324
288,T,39.75795020606438,1.9223917415089433,8.4429930540839,2.564015969451418,425653525658.35156,2.627864539609554,5.671257303035759,2.627864539609554,123588488440.31836,5.671257303035759,18010068299.494873,67.00421264945412,-2.530919295523745,5145183708.592102,115368368280.91406,211595828770.48438
289,TAP,15.757331706610103,3.554984534580626,31.20025891604928,0.5249651311896741,15565076073.806152,3.7366777976056937,-35.17303642686056,3.7366777976056937,2244079142.5782547,-35.17303642686056,1212992109.4620361,6.5,8.89920925542333,2053681551.9476929,3110223346.12265,13269399184.297852
290,TEL,29.496273513044798,2.4115901799762582,7.805623786743922,1.4053048834482524,32547189764.03418,2.8136797162881066,5.611774359631227,2.8136797162881066,2581560006.084717,5.611774359631227,1001562162.984436,-1.202726779799832,0.08749622542563884,-12251671.597229004,4508439993.915283,3519064859.109009
291,TGT,4.01816367562833,0.21488934348322175,4.606932411229678,8.695656710310942,59377651697.1001,0.5121410867617584,16.137738747895128,0.5121410867617584,27684085693.221924,16.137738747895128,3964910942.09964,125.08399636326067,1.957164485067608,1146321633.8598099,25286792643.583008,34971560891.609375
292,TIF,17.38229284250218,2.163767874001806,12.07797642115753,14.868778873743508,11424890430.718262,2.166689974846486,7.7791225108958315,2.166689974846486,2498498671.287842,7.7791225108958315,584433844.5559311,56.02252804616364,5.1131100362616735,625552723.6533356,856427354.1461868,7479518851.127441
293,TJX,16.70521040244938,1.466487919948122,8.699195377402816,25.568681768321312,39653945288.82129,1.3617002591526557,1.4394426385962333,1.3617002591526557,8600549657.309326,1.4394426385962333,2384531717.1297607,26.349743773296268,4.665725267691187,3003208134.3604126,836390962.3484316,4375703484.190308
294,TMK,8.813039954691703,0.9460768270835445,12.51142010863748,2.2005666653695073,4570984024.94574,1.1693168800208298,33.61573759979183,-2036302323.5784912,611900709.333252,33.61573759979183,372958677.0468464,48.507128295043,16.320838786773493,1353626532.5180664,1768890700.875122,1312003117.434494
295,TMO,9.290662862868885,1.3233964506188869,12.768610522309245,2.018989408186826,41149250945.17383,1.9748491029904192,8.49419727385839,1.9748491029904192,7849600775.976929,8.49419727385839,1922146268.0560913,45.81281754285419,3.2047199241593987,1889513587.4994507,8305653753.312744,32386312940.498047
296,TRV,17.139175227421674,0.4137381761483141,-0.19129109918912945,0.16936160861632743,14544119356.128418,0.5222656215445625,-53.495239271374885,0.5222656215445625,-13611631941.885742,-53.495239271374885,-142601832.828125,95.63026533482116,19.27712584367964,4614659105.035034,7329385215.582062,46570011342.56543
297,TSN,6.515319324347047,0.22980647022770606,3.1326246105186897,10.94841304468423,11308987745.672363,0.1968529762672695,,0.1968529762672695,2582484363.771698,,1083920044.2940826,73.8434485785383,3.6095240289947697,1343003659.3402405,1181509469.6942139,2903020722.6295776
298,TSS,-52.62035933963489,-5.659146647591115,29.24284312287773,26.19707840607589,1093926354.0040283,-6.447926482619096,,-6.447926482619096,1481042275.8499603,,712053961.1437073,81.31150511362102,10.182678045821604,2013672025.310669,268537230.70874023,759777978.5014191
299,TXN,0.9347238390341772,0.6190758139117065,18.58945171380614,16.516499703516047,21460359350.538086,1.119354039861605,,1.119354039861605,10943633837.55188,,2822197317.6053467,-233.24068471166538,2.4179882017366108,1345550812.2802734,8650487578.822266,16845243329.427734
300,TXT,29.659077599078145,0.26742145775529025,7.210591161839943,9.713174614583295,11367921201.76947,1.05341596979639,,1.05341596979639,3872841502.1570435,,1345038798.5122986,48.647822376121894,-0.6615447926587876,489197008.73498917,12924252742.009644,14438578883.283691
301,UNH,-1.8312119775346218,-0.6359483827375811,2.88513086017133,3.5036032088555658,78414104338.14941,-0.6593606479520417,,-0.6593606479520417,33669239963.154297,,8867196592.290894,20749.669022092596,16.71264105612454,26127727884.841797,23128650964.711426,39349934787.27637
302,UNM,132.47065503480917,1.5720498509857919,-9.891474577151257,-0.6666335250284305,17856818587.433594,1.377415021481525,,1.377415021481525,13085857408.095093,,-918940428.668457,13.294880049973472,6.932917529038036,2425898640.151306,986755633.9694214,1028503204.43137
303,UNP,13.863564907053615,3.57850200424906,24.058697916200344,12.466945775984641,91456689699.86523,3.790564428935511,,3.790564428935511,20804446519.481445,,5130192816.158203,9.858421981806941,3.2834995504838673,1988842355.8237305,9926163277.47931,34374475321.66699
304,UPS,89.10888119091396,0.18978152523362724,4.029980322698748,11.326201716836593,66907505571.896484,0.46797861846479805,,0.46797861846479805,55862790559.13916,,3957095287.1235657,12.247652545830533,5.206351515050812,4283290097.9420624,18564803542.76172,53655387152.140625
305,USB,10.137968918267802,0.8687867573576114,15.232421783455266,0.723953580960881,141239311221.42383,3.1284857561443005,,3.1284857561443005,25776288016.052002,,4574438277.281982,29.544059280908186,10.509976433912243,20249162707.229736,75965229150.11133,102478269953.61523
306,UTX,11.478038175151369,1.0527282278379317,8.406035603645506,9.138816662648367,99583801061.5127,1.1439669818007232,,1.1439669818007232,21346372177.259277,,6882368623.514038,-90.10642241975438,8.200744224007963,8725472688.595337,15666083908.482422,71187845248.42969
307,V,7.373829225205554,13.867977484489074,53.39852060341582,17.764634345327977,110842913346.33398,12.80566293525635,,12.80566293525635,-1011697936.730957,,4349811102.606201,-10.605648653301614,6.3535190055787325,3561452877.1555786,-12365497220.898926,29213552451.208496
308,VAR,7.855623988565185,1.7050834100953125,16.579702969739174,13.632666998964169,8510468370.629639,1.5416919236450894,,1.5416919236450894,1656746009.1942444,,613828571.8606796,31.30899490440106,8.973038278290915,962942575.1014862,249777085.25484467,11732435422.309326
309,VFC,22.53250017109508,2.1107361578407904,9.988123480450497,8.041943264476629,29058790255.96875,2.3962618028440374,,2.3962618028440374,5858239067.715454,,1294229121.2139893,121.7,3.1587384014165707,344615249.0018387,3779972901.6952515,5674503638.796631
310,VIAB,2.5064802512679307,2.4203729099238753,23.2929441655466,15.276938314162635,26625298319.137695,3.226991560789628,,3.226991560789628,14031873905.361206,,2555898360.634033,-484.9154143334017,1.6827147892674077,249507447.28198242,7563282594.318787,2440000000.0
311,VLO,8.682258076231653,-0.05304721449849836,-0.4396807841909549,3.0585137241624807,21062890155.451965,-0.06521445146313454,,-0.06521445146313454,-7547210.277374268,,2125663691.7005386,-4.538069751933108,6.091283120332037,4197396888.3446655,10325270485.196167,17207223738.69995
312,VMC,14.066481241846986,1.8694657716517042,-3.6544568077770236,-6.933564008070334,9129196706.886078,3.727680739612765,,3.727680739612765,2509375460.1831055,,-112852159.39324951,190.83329875132404,-0.31350524251502065,25828098.829673767,5022581842.516113,2395907221.7892456
313,VNO,22.437259423994306,4.453160302412272,17.26741873791417,2.3279350413468762,20975502546.91089,3.13463488131174,,3.13463488131174,1374889172.1275177,,483151070.4191055,6498.978315057699,8.296744806688764,1647365881.016449,18232467247.059814,16788022102.5625
314,VRSN,-179.96041303572565,0.1774820080382824,75.1851089271322,0.9164481476575475,828548755.6136475,0.5430898087062133,,0.5430898087062133,,,305024176.2034521,,7.810543617060148,1306274959.4792023,1473662619.85849,754616089.7696533
